[
null,
{"id":1,"battlerName":"Actor1_1","characterIndex":0,"characterName":"Actor1","classId":1,"equips":[0,0,0,0,0],"faceIndex":0,"faceName":"Actor1","traits":[],"initialLevel":1,"maxLevel":99,"name":"Reid","nickname":"","note":"","profile":""},
{"id":2,"battlerName":"Actor1_2","characterIndex":1,"characterName":"Actor1","classId":1,"equips":[1,0,0,9,0],"faceIndex":1,"faceName":"Actor1","traits":[],"initialLevel":1,"maxLevel":99,"name":"Priscilla","nickname":"","note":"","profile":""},
{"id":3,"battlerName":"Actor1_3","characterIndex":2,"characterName":"Actor1","classId":5,"equips":[31,0,65,5,0],"faceIndex":2,"faceName":"Actor1","traits":[],"initialLevel":1,"maxLevel":99,"name":"Gale","nickname":"","note":"","profile":""},
{"id":4,"battlerName":"Actor1_4","characterIndex":3,"characterName":"Actor1","classId":5,"equips":[31,0,0,5,0],"faceIndex":3,"faceName":"Actor1","traits":[],"initialLevel":1,"maxLevel":99,"name":"Michelle","nickname":"","note":"","profile":""},
{"id":5,"battlerName":"Actor1_5","characterIndex":4,"characterName":"Actor1","classId":2,"equips":[7,0,0,20,0],"faceIndex":4,"faceName":"Actor1","traits":[],"initialLevel":1,"maxLevel":99,"name":"Albert","nickname":"","note":"","profile":""},
{"id":6,"battlerName":"Actor1_6","characterIndex":5,"characterName":"Actor1","classId":2,"equips":[7,0,65,21,0],"faceIndex":5,"faceName":"Actor1","traits":[],"initialLevel":1,"maxLevel":99,"name":"Kasey","nickname":"","note":"","profile":""},
{"id":7,"battlerName":"Actor1_7","characterIndex":6,"characterName":"Actor1","classId":3,"equips":[7,0,0,20,0],"faceIndex":6,"faceName":"Actor1","traits":[],"initialLevel":1,"maxLevel":99,"name":"Eliot","nickname":"","note":"","profile":""},
{"id":8,"battlerName":"Actor1_8","characterIndex":7,"characterName":"Actor1","classId":3,"equips":[7,0,0,20,0],"faceIndex":7,"faceName":"Actor1","traits":[],"initialLevel":1,"maxLevel":99,"name":"Roza","nickname":"","note":"","profile":""}
]