[
null,
{"id":1,"displayType":0,"effectName":"HitPhysical","flashTimings":[{"frame":0,"duration":30,"color":[255,255,255,255]}],"name":"Golpe físico","offsetX":0,"offsetY":0,"rotation":{"x":0,"y":0,"z":0},"scale":50,"soundTimings":[{"frame":0,"se":{"name":"Blow1","pan":0,"pitch":100,"volume":90}}],"speed":100},
{"id":2,"displayType":0,"effectName":"HitEffect","flashTimings":[{"frame":1,"duration":30,"color":[255,255,255,255]}],"name":"Golpe de efecto","offsetX":0,"offsetY":0,"rotation":{"x":0,"y":0,"z":0},"scale":60,"soundTimings":[{"frame":0,"se":{"name":"Evasion2","pan":0,"pitch":150,"volume":80}},{"frame":1,"se":{"name":"Damage4","pan":0,"pitch":120,"volume":90}},{"frame":2,"se":{"name":"Powerup","pan":0,"pitch":150,"volume":90}}],"speed":100},
{"id":3,"displayType":0,"effectName":"HitFire","flashTimings":[{"frame":0,"duration":30,"color":[255,119,102,221]},{"frame":2,"duration":30,"color":[255,136,51,153]}],"name":"Golpe de fuego","offsetX":0,"offsetY":0,"rotation":{"x":0,"y":0,"z":0},"scale":100,"soundTimings":[{"frame":0,"se":{"name":"Blow1","pan":0,"pitch":100,"volume":90}},{"frame":0,"se":{"name":"Fire1","pan":0,"pitch":100,"volume":100}}],"speed":100},
{"id":4,"displayType":0,"effectName":"HitIce","flashTimings":[{"frame":0,"duration":30,"color":[119,187,255,221]},{"frame":2,"duration":30,"color":[187,221,221,153]}],"name":"Golpe de hielo","offsetX":0,"offsetY":0,"rotation":{"x":0,"y":0,"z":0},"scale":100,"soundTimings":[{"frame":0,"se":{"name":"Blow1","pan":0,"pitch":100,"volume":100}},{"frame":0,"se":{"name":"Ice3","pan":0,"pitch":75,"volume":90}}],"speed":100},
{"id":5,"displayType":0,"effectName":"HitThunder","flashTimings":[{"frame":0,"duration":30,"color":[255,255,102,221]},{"frame":2,"duration":30,"color":[255,255,119,153]}],"name":"Golpe de rayo","offsetX":0,"offsetY":0,"rotation":{"x":0,"y":0,"z":0},"scale":100,"soundTimings":[{"frame":0,"se":{"name":"Thunder8","pan":0,"pitch":80,"volume":100}},{"frame":0,"se":{"name":"Blow3","pan":0,"pitch":100,"volume":100}}],"speed":100},
{"id":6,"displayType":0,"effectName":"SlashPhysical","flashTimings":[{"frame":0,"duration":30,"color":[255,255,255,187]}],"name":"Corte físico","offsetX":0,"offsetY":0,"rotation":{"x":0,"y":0,"z":0},"scale":100,"soundTimings":[{"frame":0,"se":{"name":"Slash1","pan":0,"pitch":140,"volume":80}}],"speed":100},
{"id":7,"displayType":0,"effectName":"SlashEffect","flashTimings":[{"frame":1,"duration":30,"color":[255,255,255,255]}],"name":"Corte de efecto","offsetX":0,"offsetY":0,"rotation":{"x":0,"y":0,"z":0},"scale":100,"soundTimings":[{"frame":0,"se":{"name":"Evasion2","pan":0,"pitch":150,"volume":80}},{"frame":0,"se":{"name":"Slash1","pan":0,"pitch":140,"volume":80}},{"frame":2,"se":{"name":"Powerup","pan":0,"pitch":150,"volume":90}}],"speed":100},
{"id":8,"displayType":0,"effectName":"SlashFire","flashTimings":[{"frame":0,"duration":30,"color":[255,119,102,221]},{"frame":1,"duration":30,"color":[255,136,51,153]}],"name":"Corte de fuego","offsetX":0,"offsetY":0,"rotation":{"x":0,"y":0,"z":0},"scale":100,"soundTimings":[{"frame":0,"se":{"name":"Thunder1","pan":0,"pitch":120,"volume":90}},{"frame":2,"se":{"name":"Sword5","pan":0,"pitch":100,"volume":100}},{"frame":4,"se":{"name":"Fire1","pan":0,"pitch":100,"volume":100}}],"speed":100},
{"id":9,"displayType":0,"effectName":"SlashIce","flashTimings":[{"frame":0,"duration":30,"color":[119,187,255,221]},{"frame":1,"duration":30,"color":[187,221,221,153]}],"name":"Corte de hielo","offsetX":0,"offsetY":0,"rotation":{"x":0,"y":0,"z":0},"scale":100,"soundTimings":[{"frame":0,"se":{"name":"Slash1","pan":0,"pitch":140,"volume":80}},{"frame":0,"se":{"name":"Ice3","pan":0,"pitch":100,"volume":100}}],"speed":100},
{"id":10,"displayType":0,"effectName":"SlashThunder","flashTimings":[{"frame":0,"duration":30,"color":[255,255,102,221]},{"frame":1,"duration":30,"color":[255,255,119,153]}],"name":"Corte de rayo","offsetX":0,"offsetY":0,"rotation":{"x":0,"y":0,"z":0},"scale":100,"soundTimings":[{"frame":0,"se":{"name":"Slash1","pan":0,"pitch":140,"volume":80}},{"frame":0,"se":{"name":"Thunder8","pan":0,"pitch":100,"volume":100}}],"speed":100},
{"id":11,"displayType":0,"effectName":"PiercePhysical","flashTimings":[{"frame":0,"duration":30,"color":[255,255,255,255]}],"name":"Perforación física","offsetX":0,"offsetY":0,"rotation":{"x":0,"y":0,"z":0},"scale":60,"soundTimings":[{"frame":0,"se":{"name":"Thunder1","pan":0,"pitch":120,"volume":90}},{"frame":4,"se":{"name":"Sword5","pan":0,"pitch":120,"volume":90}}],"speed":100},
{"id":12,"displayType":0,"effectName":"PierceEffect","flashTimings":[{"frame":0,"duration":30,"color":[255,255,255,255]}],"name":"Perforación de efecto","offsetX":0,"offsetY":0,"rotation":{"x":0,"y":0,"z":0},"scale":80,"soundTimings":[{"frame":0,"se":{"name":"Evasion2","pan":0,"pitch":150,"volume":80}},{"frame":1,"se":{"name":"Thunder4","pan":0,"pitch":120,"volume":90}},{"frame":8,"se":{"name":"Powerup","pan":0,"pitch":150,"volume":90}}],"speed":100},
{"id":13,"displayType":0,"effectName":"PierceFire","flashTimings":[{"frame":0,"duration":30,"color":[255,119,102,221]},{"frame":3,"duration":30,"color":[255,136,51,153]}],"name":"Perforación de fuego","offsetX":0,"offsetY":0,"rotation":{"x":0,"y":0,"z":0},"scale":80,"soundTimings":[{"frame":0,"se":{"name":"Thunder1","pan":0,"pitch":120,"volume":90}},{"frame":2,"se":{"name":"Sword5","pan":0,"pitch":100,"volume":100}},{"frame":3,"se":{"name":"Fire1","pan":0,"pitch":100,"volume":100}}],"speed":100},
{"id":14,"displayType":0,"effectName":"PierceIce","flashTimings":[{"frame":0,"duration":30,"color":[119,187,255,221]},{"frame":3,"duration":30,"color":[187,221,221,153]}],"name":"Perforación de hielo","offsetX":0,"offsetY":0,"rotation":{"x":0,"y":0,"z":0},"scale":80,"soundTimings":[{"frame":0,"se":{"name":"Thunder1","pan":0,"pitch":120,"volume":90}},{"frame":2,"se":{"name":"Sword5","pan":0,"pitch":100,"volume":100}},{"frame":3,"se":{"name":"Ice3","pan":0,"pitch":75,"volume":100}}],"speed":100},
{"id":15,"displayType":0,"effectName":"PierceThunder","flashTimings":[{"frame":0,"duration":60,"color":[255,255,102,221]},{"frame":3,"duration":60,"color":[255,255,85,153]}],"name":"Perforación de rayo","offsetX":0,"offsetY":0,"rotation":{"x":0,"y":0,"z":0},"scale":80,"soundTimings":[{"frame":0,"se":{"name":"Thunder1","pan":0,"pitch":120,"volume":90}},{"frame":2,"se":{"name":"Sword5","pan":0,"pitch":100,"volume":100}},{"frame":3,"se":{"name":"Thunder8","pan":0,"pitch":80,"volume":100}}],"speed":100},
{"id":16,"displayType":0,"effectName":"ClawPhysical","flashTimings":[{"frame":0,"duration":30,"color":[255,255,255,255]}],"name":"Garra física","offsetX":0,"offsetY":0,"rotation":{"x":0,"y":0,"z":0},"scale":100,"soundTimings":[{"frame":0,"se":{"name":"Attack2","pan":0,"pitch":150,"volume":90}},{"frame":1,"se":{"name":"Slash2","pan":0,"pitch":100,"volume":90}}],"speed":100},
{"id":17,"displayType":0,"effectName":"ClawEffect","flashTimings":[{"frame":0,"duration":30,"color":[255,255,255,255]}],"name":"Garra de efecto","offsetX":0,"offsetY":0,"rotation":{"x":0,"y":0,"z":0},"scale":100,"soundTimings":[{"frame":0,"se":{"name":"Evasion2","pan":0,"pitch":150,"volume":80}},{"frame":1,"se":{"name":"Attack2","pan":0,"pitch":150,"volume":90}},{"frame":2,"se":{"name":"Powerup","pan":0,"pitch":150,"volume":90}}],"speed":100},
{"id":18,"displayType":0,"effectName":"ClawFire","flashTimings":[{"frame":0,"duration":30,"color":[255,119,102,221]}],"name":"Garra de fuego","offsetX":0,"offsetY":0,"rotation":{"x":0,"y":0,"z":0},"scale":100,"soundTimings":[{"frame":0,"se":{"name":"Attack2","pan":0,"pitch":100,"volume":90}},{"frame":1,"se":{"name":"Slash2","pan":0,"pitch":100,"volume":90}},{"frame":3,"se":{"name":"Fire1","pan":0,"pitch":100,"volume":100}}],"speed":100},
{"id":19,"displayType":0,"effectName":"ClawIce","flashTimings":[{"frame":0,"duration":30,"color":[119,187,255,221]}],"name":"Garra de hielo","offsetX":0,"offsetY":0,"rotation":{"x":0,"y":0,"z":0},"scale":100,"soundTimings":[{"frame":0,"se":{"name":"Attack2","pan":0,"pitch":150,"volume":90}},{"frame":1,"se":{"name":"Slash2","pan":0,"pitch":100,"volume":90}},{"frame":3,"se":{"name":"Ice3","pan":0,"pitch":75,"volume":100}}],"speed":100},
{"id":20,"displayType":0,"effectName":"ClawThunder","flashTimings":[{"frame":0,"duration":30,"color":[255,255,102,221]}],"name":"Garra de rayo","offsetX":0,"offsetY":0,"rotation":{"x":0,"y":0,"z":0},"scale":100,"soundTimings":[{"frame":0,"se":{"name":"Attack2","pan":0,"pitch":150,"volume":90}},{"frame":1,"se":{"name":"Slash2","pan":0,"pitch":100,"volume":90}},{"frame":3,"se":{"name":"Thunder8","pan":0,"pitch":80,"volume":100}}],"speed":100},
{"id":21,"displayType":0,"effectName":"HitSpecial1","flashTimings":[{"frame":0,"duration":30,"color":[255,255,255,255]},{"frame":29,"duration":30,"color":[255,255,255,255]},{"frame":59,"duration":70,"color":[255,255,255,255]},{"frame":99,"duration":70,"color":[255,255,255,255]}],"name":"Golpe especial 1","offsetX":0,"offsetY":0,"rotation":{"x":0,"y":0,"z":0},"scale":120,"soundTimings":[{"frame":2,"se":{"name":"Blow1","pan":0,"pitch":120,"volume":90}},{"frame":5,"se":{"name":"Blow3","pan":0,"pitch":100,"volume":90}},{"frame":9,"se":{"name":"Blow1","pan":0,"pitch":120,"volume":90}},{"frame":27,"se":{"name":"Thunder5","pan":0,"pitch":120,"volume":90}},{"frame":34,"se":{"name":"Blow3","pan":0,"pitch":100,"volume":90}},{"frame":44,"se":{"name":"Thunder5","pan":0,"pitch":120,"volume":90}},{"frame":44,"se":{"name":"Blow3","pan":0,"pitch":100,"volume":90}},{"frame":51,"se":{"name":"Blow3","pan":0,"pitch":100,"volume":90}},{"frame":69,"se":{"name":"Thunder5","pan":0,"pitch":120,"volume":90}},{"frame":84,"se":{"name":"Blow3","pan":0,"pitch":100,"volume":90}},{"frame":91,"se":{"name":"Blow3","pan":0,"pitch":100,"volume":90}},{"frame":99,"se":{"name":"Thunder5","pan":0,"pitch":120,"volume":90}}],"speed":100},
{"id":22,"displayType":1,"effectName":"HitSpecial2","flashTimings":[{"frame":9,"duration":27,"color":[255,255,255,255]},{"frame":27,"duration":27,"color":[255,255,255,255]},{"frame":54,"duration":35,"color":[255,255,255,255]},{"frame":89,"duration":30,"color":[255,255,255,255]}],"name":"Golpe especial 2","offsetX":0,"offsetY":0,"rotation":{"x":0,"y":0,"z":0},"scale":200,"soundTimings":[{"frame":0,"se":{"name":"Blow1","pan":0,"pitch":100,"volume":90}},{"frame":2,"se":{"name":"Blow1","pan":0,"pitch":100,"volume":90}},{"frame":3,"se":{"name":"Blow3","pan":0,"pitch":100,"volume":90}},{"frame":5,"se":{"name":"Blow1","pan":0,"pitch":100,"volume":100}},{"frame":7,"se":{"name":"Blow2","pan":0,"pitch":100,"volume":100}},{"frame":9,"se":{"name":"Blow1","pan":0,"pitch":100,"volume":100}},{"frame":12,"se":{"name":"Blow3","pan":0,"pitch":100,"volume":90}},{"frame":14,"se":{"name":"Blow3","pan":0,"pitch":100,"volume":100}},{"frame":17,"se":{"name":"Blow2","pan":0,"pitch":100,"volume":100}},{"frame":18,"se":{"name":"Blow3","pan":0,"pitch":70,"volume":90}},{"frame":22,"se":{"name":"Blow3","pan":0,"pitch":100,"volume":100}},{"frame":24,"se":{"name":"Blow2","pan":0,"pitch":100,"volume":100}},{"frame":27,"se":{"name":"Blow3","pan":0,"pitch":70,"volume":90}},{"frame":34,"se":{"name":"Blow3","pan":0,"pitch":100,"volume":100}},{"frame":44,"se":{"name":"Blow2","pan":0,"pitch":100,"volume":100}},{"frame":54,"se":{"name":"Blow3","pan":0,"pitch":70,"volume":90}},{"frame":59,"se":{"name":"Damage2","pan":0,"pitch":120,"volume":100}},{"frame":79,"se":{"name":"Damage2","pan":0,"pitch":120,"volume":100}}],"speed":100},
{"id":23,"displayType":0,"effectName":"SlashSpecial1","flashTimings":[{"frame":0,"duration":27,"color":[255,255,255,255]},{"frame":27,"duration":28,"color":[255,255,255,255]},{"frame":55,"duration":30,"color":[255,255,255,255]}],"name":"Corte especial 1","offsetX":0,"offsetY":0,"rotation":{"x":0,"y":0,"z":0},"scale":120,"soundTimings":[{"frame":1,"se":{"name":"Slash1","pan":0,"pitch":100,"volume":90}},{"frame":3,"se":{"name":"Slash3","pan":0,"pitch":120,"volume":90}},{"frame":5,"se":{"name":"Slash3","pan":0,"pitch":120,"volume":90}},{"frame":7,"se":{"name":"Slash1","pan":0,"pitch":120,"volume":90}},{"frame":9,"se":{"name":"Slash3","pan":0,"pitch":120,"volume":90}},{"frame":11,"se":{"name":"Slash4","pan":0,"pitch":120,"volume":90}},{"frame":15,"se":{"name":"Slash1","pan":0,"pitch":100,"volume":90}},{"frame":17,"se":{"name":"Slash3","pan":0,"pitch":120,"volume":90}},{"frame":19,"se":{"name":"Slash3","pan":0,"pitch":120,"volume":90}},{"frame":23,"se":{"name":"Slash1","pan":0,"pitch":120,"volume":90}},{"frame":27,"se":{"name":"Slash3","pan":0,"pitch":120,"volume":90}},{"frame":47,"se":{"name":"Evasion2","pan":0,"pitch":120,"volume":90}}],"speed":100},
{"id":24,"displayType":1,"effectName":"SlashSpecial2","flashTimings":[{"frame":0,"duration":17,"color":[255,255,255,255]},{"frame":29,"duration":40,"color":[255,68,0,102]}],"name":"Corte especial 2","offsetX":0,"offsetY":0,"rotation":{"x":0,"y":0,"z":0},"scale":120,"soundTimings":[{"frame":0,"se":{"name":"Sword4","pan":0,"pitch":100,"volume":90}},{"frame":1,"se":{"name":"Slash2","pan":0,"pitch":110,"volume":90}},{"frame":3,"se":{"name":"Wind4","pan":0,"pitch":100,"volume":80}},{"frame":7,"se":{"name":"Slash8","pan":0,"pitch":100,"volume":90}},{"frame":7,"se":{"name":"Wind4","pan":0,"pitch":100,"volume":100}},{"frame":9,"se":{"name":"Slash1","pan":0,"pitch":90,"volume":90}},{"frame":16,"se":{"name":"Ice3","pan":0,"pitch":90,"volume":90}}],"speed":100},
{"id":25,"displayType":2,"effectName":"SlashSpecial3","flashTimings":[{"frame":0,"duration":22,"color":[255,255,255,255]},{"frame":22,"duration":37,"color":[255,255,255,255]},{"frame":59,"duration":40,"color":[255,255,255,255]},{"frame":99,"duration":15,"color":[255,255,255,255]}],"name":"Corte especial 3","offsetX":0,"offsetY":0,"rotation":{"x":0,"y":0,"z":0},"scale":120,"soundTimings":[{"frame":1,"se":{"name":"Slash2","pan":0,"pitch":100,"volume":100}},{"frame":8,"se":{"name":"Slash3","pan":0,"pitch":120,"volume":100}},{"frame":11,"se":{"name":"Slash2","pan":0,"pitch":100,"volume":100}},{"frame":22,"se":{"name":"Slash3","pan":0,"pitch":100,"volume":100}},{"frame":28,"se":{"name":"Slash2","pan":0,"pitch":100,"volume":100}},{"frame":33,"se":{"name":"Slash3","pan":0,"pitch":120,"volume":100}},{"frame":37,"se":{"name":"Slash2","pan":0,"pitch":100,"volume":100}},{"frame":43,"se":{"name":"Slash3","pan":0,"pitch":100,"volume":100}},{"frame":59,"se":{"name":"Slash1","pan":0,"pitch":100,"volume":100}},{"frame":59,"se":{"name":"Evasion1","pan":0,"pitch":150,"volume":70}},{"frame":79,"se":{"name":"Slash2","pan":0,"pitch":100,"volume":100}},{"frame":79,"se":{"name":"Evasion1","pan":0,"pitch":150,"volume":70}},{"frame":95,"se":{"name":"Slash1","pan":0,"pitch":100,"volume":100}},{"frame":99,"se":{"name":"Slash3","pan":0,"pitch":120,"volume":90}}],"speed":100},
{"id":26,"displayType":0,"effectName":"PierceSpecial1","flashTimings":[{"frame":0,"duration":30,"color":[255,255,255,255]},{"frame":31,"duration":32,"color":[255,255,255,255]},{"frame":62,"duration":31,"color":[255,255,255,255]},{"frame":99,"duration":27,"color":[255,255,255,255]}],"name":"Perforación especial 1","offsetX":0,"offsetY":0,"rotation":{"x":0,"y":0,"z":0},"scale":100,"soundTimings":[{"frame":0,"se":{"name":"Wind6","pan":0,"pitch":130,"volume":90}},{"frame":2,"se":{"name":"Sword5","pan":0,"pitch":130,"volume":90}},{"frame":3,"se":{"name":"Slash1","pan":0,"pitch":150,"volume":90}},{"frame":4,"se":{"name":"Sword5","pan":0,"pitch":130,"volume":90}},{"frame":5,"se":{"name":"Slash1","pan":0,"pitch":150,"volume":90}},{"frame":6,"se":{"name":"Sword5","pan":0,"pitch":130,"volume":90}},{"frame":11,"se":{"name":"Wind6","pan":0,"pitch":130,"volume":90}},{"frame":15,"se":{"name":"Sword5","pan":0,"pitch":130,"volume":90}},{"frame":19,"se":{"name":"Slash1","pan":0,"pitch":150,"volume":90}},{"frame":21,"se":{"name":"Sword5","pan":0,"pitch":130,"volume":90}},{"frame":26,"se":{"name":"Slash1","pan":0,"pitch":150,"volume":90}},{"frame":31,"se":{"name":"Sword5","pan":0,"pitch":130,"volume":90}},{"frame":35,"se":{"name":"Sword5","pan":0,"pitch":130,"volume":90}},{"frame":38,"se":{"name":"Slash1","pan":0,"pitch":150,"volume":90}},{"frame":41,"se":{"name":"Sword5","pan":0,"pitch":130,"volume":90}},{"frame":46,"se":{"name":"Slash1","pan":0,"pitch":150,"volume":90}},{"frame":52,"se":{"name":"Slash1","pan":0,"pitch":150,"volume":90}},{"frame":56,"se":{"name":"Sword5","pan":0,"pitch":130,"volume":90}},{"frame":62,"se":{"name":"Slash1","pan":0,"pitch":150,"volume":90}},{"frame":66,"se":{"name":"Slash1","pan":0,"pitch":150,"volume":90}},{"frame":69,"se":{"name":"Sword5","pan":0,"pitch":130,"volume":90}},{"frame":74,"se":{"name":"Slash1","pan":0,"pitch":150,"volume":90}},{"frame":89,"se":{"name":"Sword4","pan":0,"pitch":130,"volume":90}},{"frame":89,"se":{"name":"Slash2","pan":0,"pitch":130,"volume":90}}],"speed":100},
{"id":27,"displayType":0,"effectName":"PierceSpecial2","flashTimings":[{"frame":0,"duration":31,"color":[255,255,255,255]},{"frame":31,"duration":8,"color":[255,255,255,255]},{"frame":39,"duration":30,"color":[255,255,255,255]},{"frame":69,"duration":30,"color":[255,255,255,255]},{"frame":99,"duration":30,"color":[255,255,255,255]}],"name":"Perforación especial 2","offsetX":0,"offsetY":0,"rotation":{"x":0,"y":0,"z":0},"scale":120,"soundTimings":[{"frame":0,"se":{"name":"Wind5","pan":0,"pitch":80,"volume":80}},{"frame":2,"se":{"name":"Sword4","pan":0,"pitch":150,"volume":100}},{"frame":4,"se":{"name":"Sword5","pan":0,"pitch":150,"volume":100}},{"frame":6,"se":{"name":"Slash2","pan":0,"pitch":150,"volume":100}},{"frame":7,"se":{"name":"Sword4","pan":0,"pitch":150,"volume":100}},{"frame":9,"se":{"name":"Sword5","pan":0,"pitch":150,"volume":80}},{"frame":10,"se":{"name":"Slash2","pan":0,"pitch":150,"volume":100}},{"frame":13,"se":{"name":"Sword4","pan":0,"pitch":150,"volume":100}},{"frame":16,"se":{"name":"Sword5","pan":0,"pitch":150,"volume":100}},{"frame":17,"se":{"name":"Slash2","pan":0,"pitch":150,"volume":100}},{"frame":19,"se":{"name":"Sword4","pan":0,"pitch":150,"volume":80}},{"frame":23,"se":{"name":"Sword4","pan":0,"pitch":150,"volume":100}},{"frame":27,"se":{"name":"Sword5","pan":0,"pitch":150,"volume":100}},{"frame":31,"se":{"name":"Slash2","pan":0,"pitch":150,"volume":100}},{"frame":39,"se":{"name":"Sword5","pan":0,"pitch":150,"volume":100}},{"frame":43,"se":{"name":"Sword4","pan":0,"pitch":150,"volume":100}}],"speed":100},
{"id":28,"displayType":0,"effectName":"ClawSpecial","flashTimings":[{"frame":0,"duration":30,"color":[255,119,153,187]},{"frame":30,"duration":30,"color":[255,119,153,187]},{"frame":74,"duration":30,"color":[255,119,153,187]}],"name":"Garra especial","offsetX":0,"offsetY":0,"rotation":{"x":0,"y":0,"z":0},"scale":120,"soundTimings":[{"frame":0,"se":{"name":"Attack3","pan":0,"pitch":100,"volume":80}},{"frame":1,"se":{"name":"Slash2","pan":0,"pitch":100,"volume":80}},{"frame":3,"se":{"name":"Attack2","pan":0,"pitch":150,"volume":90}},{"frame":4,"se":{"name":"Slash3","pan":0,"pitch":100,"volume":80}},{"frame":6,"se":{"name":"Attack2","pan":0,"pitch":150,"volume":90}},{"frame":7,"se":{"name":"Slash2","pan":0,"pitch":100,"volume":80}},{"frame":9,"se":{"name":"Attack2","pan":0,"pitch":150,"volume":90}},{"frame":10,"se":{"name":"Slash3","pan":0,"pitch":100,"volume":80}},{"frame":16,"se":{"name":"Attack2","pan":0,"pitch":150,"volume":90}},{"frame":17,"se":{"name":"Slash1","pan":0,"pitch":80,"volume":90}},{"frame":21,"se":{"name":"Attack2","pan":0,"pitch":150,"volume":90}},{"frame":25,"se":{"name":"Slash3","pan":0,"pitch":100,"volume":80}},{"frame":29,"se":{"name":"Attack2","pan":0,"pitch":150,"volume":90}},{"frame":30,"se":{"name":"Slash1","pan":0,"pitch":80,"volume":90}},{"frame":41,"se":{"name":"Attack2","pan":0,"pitch":150,"volume":90}},{"frame":41,"se":{"name":"Slash1","pan":0,"pitch":80,"volume":90}},{"frame":74,"se":{"name":"Attack2","pan":0,"pitch":150,"volume":90}},{"frame":74,"se":{"name":"Slash1","pan":0,"pitch":80,"volume":90}}],"speed":100},
{"id":29,"displayType":0,"effectName":"ArrowSpecial","flashTimings":[{"frame":2,"duration":3,"color":[255,255,204,204]},{"frame":5,"duration":3,"color":[255,255,204,204]},{"frame":8,"duration":3,"color":[255,255,204,204]},{"frame":13,"duration":3,"color":[255,255,204,204]},{"frame":24,"duration":10,"color":[255,255,204,204]},{"frame":49,"duration":20,"color":[255,255,204,204]}],"name":"Flecha especial","offsetX":0,"offsetY":0,"rotation":{"x":0,"y":0,"z":0},"scale":100,"soundTimings":[{"frame":0,"se":{"name":"Crossbow","pan":0,"pitch":100,"volume":100}},{"frame":2,"se":{"name":"Attack3","pan":0,"pitch":150,"volume":90}},{"frame":5,"se":{"name":"Attack3","pan":0,"pitch":150,"volume":90}},{"frame":8,"se":{"name":"Battle3","pan":0,"pitch":150,"volume":90}},{"frame":13,"se":{"name":"Battle3","pan":0,"pitch":150,"volume":90}},{"frame":13,"se":{"name":"Wind6","pan":0,"pitch":150,"volume":90}}],"speed":100},
{"id":30,"displayType":0,"effectName":"GeneralSpecial1","flashTimings":[{"frame":1,"duration":30,"color":[255,170,119,204]},{"frame":5,"duration":30,"color":[255,255,255,204]},{"frame":8,"duration":30,"color":[255,170,119,204]},{"frame":12,"duration":30,"color":[255,255,255,187]},{"frame":15,"duration":30,"color":[255,255,187,221]},{"frame":17,"duration":30,"color":[255,255,187,221]},{"frame":22,"duration":30,"color":[255,255,255,187]},{"frame":25,"duration":30,"color":[255,170,119,204]},{"frame":31,"duration":30,"color":[255,255,187,221]},{"frame":35,"duration":30,"color":[255,255,255,187]},{"frame":39,"duration":50,"color":[255,170,119,204]},{"frame":49,"duration":30,"color":[255,255,187,221]},{"frame":54,"duration":30,"color":[255,255,255,187]},{"frame":64,"duration":50,"color":[255,170,119,204]},{"frame":99,"duration":50,"color":[255,170,119,204]}],"name":"Especial general 1","offsetX":0,"offsetY":0,"rotation":{"x":0,"y":0,"z":0},"scale":120,"soundTimings":[{"frame":1,"se":{"name":"Slash1","pan":0,"pitch":110,"volume":100}},{"frame":5,"se":{"name":"Slash4","pan":0,"pitch":90,"volume":100}},{"frame":8,"se":{"name":"Slash5","pan":0,"pitch":90,"volume":100}},{"frame":12,"se":{"name":"Slash2","pan":0,"pitch":110,"volume":100}},{"frame":15,"se":{"name":"Slash1","pan":0,"pitch":120,"volume":100}},{"frame":17,"se":{"name":"Damage2","pan":0,"pitch":110,"volume":100}},{"frame":22,"se":{"name":"Slash2","pan":0,"pitch":110,"volume":100}},{"frame":25,"se":{"name":"Slash1","pan":0,"pitch":120,"volume":100}},{"frame":35,"se":{"name":"Damage2","pan":0,"pitch":110,"volume":100}},{"frame":41,"se":{"name":"Slash2","pan":0,"pitch":110,"volume":100}},{"frame":49,"se":{"name":"Slash1","pan":0,"pitch":120,"volume":100}},{"frame":89,"se":{"name":"Damage2","pan":0,"pitch":110,"volume":100}},{"frame":95,"se":{"name":"Slash2","pan":0,"pitch":110,"volume":100}},{"frame":104,"se":{"name":"Slash1","pan":0,"pitch":120,"volume":100}}],"speed":100},
{"id":31,"displayType":0,"effectName":"GeneralSpecial2","flashTimings":[{"frame":0,"duration":10,"color":[255,255,255,255]},{"frame":1,"duration":10,"color":[255,255,255,255]},{"frame":5,"duration":10,"color":[255,255,255,255]},{"frame":8,"duration":10,"color":[255,255,255,255]},{"frame":11,"duration":10,"color":[255,255,255,255]},{"frame":15,"duration":10,"color":[255,255,255,255]},{"frame":19,"duration":10,"color":[255,255,255,255]},{"frame":25,"duration":30,"color":[255,255,255,255]},{"frame":34,"duration":10,"color":[255,255,255,255]},{"frame":39,"duration":10,"color":[255,255,255,255]},{"frame":44,"duration":30,"color":[255,255,255,255]}],"name":"Especial general 2","offsetX":0,"offsetY":0,"rotation":{"x":0,"y":0,"z":0},"scale":100,"soundTimings":[{"frame":0,"se":{"name":"Thunder3","pan":0,"pitch":90,"volume":90}},{"frame":1,"se":{"name":"Slash1","pan":0,"pitch":110,"volume":100}},{"frame":5,"se":{"name":"Slash1","pan":0,"pitch":110,"volume":100}},{"frame":8,"se":{"name":"Thunder3","pan":0,"pitch":90,"volume":90}},{"frame":11,"se":{"name":"Slash1","pan":0,"pitch":110,"volume":100}},{"frame":15,"se":{"name":"Slash1","pan":0,"pitch":110,"volume":100}},{"frame":19,"se":{"name":"Thunder3","pan":0,"pitch":90,"volume":90}},{"frame":25,"se":{"name":"Slash3","pan":0,"pitch":100,"volume":100}}],"speed":100},
{"id":32,"displayType":2,"effectName":"Breath","flashTimings":[{"frame":4,"duration":15,"color":[255,102,0,204]},{"frame":14,"duration":15,"color":[255,102,0,204]},{"frame":24,"duration":15,"color":[255,102,0,204]},{"frame":34,"duration":15,"color":[255,102,0,204]},{"frame":44,"duration":15,"color":[255,102,0,204]},{"frame":54,"duration":15,"color":[255,102,0,204]},{"frame":64,"duration":15,"color":[255,102,0,204]},{"frame":74,"duration":15,"color":[255,102,0,204]}],"name":"Aliento","offsetX":0,"offsetY":0,"rotation":{"x":0,"y":0,"z":0},"scale":200,"soundTimings":[{"frame":0,"se":{"name":"Fire3","pan":0,"pitch":70,"volume":90}},{"frame":1,"se":{"name":"Thunder1","pan":0,"pitch":50,"volume":90}}],"speed":100},
{"id":33,"displayType":2,"effectName":"Pollen","flashTimings":[{"frame":3,"duration":30,"color":[255,85,238,204]},{"frame":5,"duration":30,"color":[255,85,238,204]},{"frame":7,"duration":30,"color":[255,85,238,187]},{"frame":9,"duration":30,"color":[255,85,238,170]},{"frame":29,"duration":50,"color":[255,85,238,153]},{"frame":59,"duration":50,"color":[255,85,238,120]}],"name":"Polen","offsetX":0,"offsetY":0,"rotation":{"x":0,"y":0,"z":0},"scale":200,"soundTimings":[{"frame":0,"se":{"name":"Darkness4","pan":0,"pitch":60,"volume":90}},{"frame":0,"se":{"name":"Darkness3","pan":0,"pitch":50,"volume":90}}],"speed":100},
{"id":34,"displayType":2,"effectName":"SonicWave","flashTimings":[{"frame":2,"duration":25,"color":[255,221,170,170]},{"frame":29,"duration":25,"color":[255,221,170,170]},{"frame":59,"duration":25,"color":[255,221,170,170]},{"frame":89,"duration":25,"color":[255,221,170,100]}],"name":"Onda sónica","offsetX":0,"offsetY":0,"rotation":{"x":0,"y":0,"z":0},"scale":100,"soundTimings":[{"frame":0,"se":{"name":"Sound3","pan":0,"pitch":100,"volume":90}}],"speed":100},
{"id":35,"displayType":2,"effectName":"Fog","flashTimings":[{"frame":29,"duration":90,"color":[136,153,170,150]}],"name":"Neblina","offsetX":0,"offsetY":0,"rotation":{"x":0,"y":0,"z":0},"scale":100,"soundTimings":[{"frame":0,"se":{"name":"Blind","pan":0,"pitch":70,"volume":90}},{"frame":0,"se":{"name":"Sand","pan":0,"pitch":110,"volume":90}}],"speed":100},
{"id":36,"displayType":2,"effectName":"Song","flashTimings":[{"frame":19,"duration":30,"color":[221,221,255,136]},{"frame":24,"duration":30,"color":[255,255,255,170]},{"frame":34,"duration":30,"color":[255,170,255,170]},{"frame":54,"duration":50,"color":[255,170,255,170]}],"name":"Canción","offsetX":0,"offsetY":0,"rotation":{"x":0,"y":0,"z":0},"scale":100,"soundTimings":[{"frame":0,"se":{"name":"Ice4","pan":0,"pitch":110,"volume":90}}],"speed":100},
{"id":37,"displayType":2,"effectName":"Shout","flashTimings":[{"frame":0,"duration":10,"color":[255,255,0,153]},{"frame":9,"duration":10,"color":[255,255,0,136]},{"frame":19,"duration":10,"color":[255,255,0,136]},{"frame":29,"duration":10,"color":[255,255,0,136]},{"frame":39,"duration":30,"color":[255,255,0,136]}],"name":"Grito","offsetX":0,"offsetY":0,"rotation":{"x":0,"y":0,"z":0},"scale":100,"soundTimings":[{"frame":0,"se":{"name":"Monster1","pan":0,"pitch":100,"volume":100}}],"speed":100},
{"id":38,"displayType":0,"effectName":"Sweep","flashTimings":[{"frame":2,"duration":30,"color":[255,255,255,255]}],"name":"Barrido","offsetX":0,"offsetY":30,"rotation":{"x":0,"y":0,"z":0},"scale":100,"soundTimings":[{"frame":0,"se":{"name":"Wind7","pan":0,"pitch":50,"volume":90}},{"frame":2,"se":{"name":"Blow2","pan":0,"pitch":70,"volume":100}}],"speed":100},
{"id":39,"displayType":0,"effectName":"Bodyslam","flashTimings":[{"frame":2,"duration":30,"color":[255,255,255,255]}],"name":"Vapuleo","offsetX":0,"offsetY":0,"rotation":{"x":0,"y":0,"z":0},"scale":100,"soundTimings":[{"frame":0,"se":{"name":"Thunder2","pan":0,"pitch":80,"volume":90}},{"frame":2,"se":{"name":"Thunder8","pan":0,"pitch":100,"volume":90}},{"frame":2,"se":{"name":"Blow3","pan":0,"pitch":50,"volume":100}}],"speed":100},
{"id":40,"displayType":2,"effectName":"Flash","flashTimings":[{"frame":2,"duration":30,"color":[255,255,255,255]},{"frame":19,"duration":10,"color":[255,255,255,255]},{"frame":24,"duration":10,"color":[255,255,255,255]}],"name":"Flash","offsetX":0,"offsetY":0,"rotation":{"x":0,"y":0,"z":0},"scale":150,"soundTimings":[{"frame":0,"se":{"name":"Flash2","pan":0,"pitch":130,"volume":90}},{"frame":1,"se":{"name":"Sword1","pan":0,"pitch":50,"volume":90}}],"speed":100},
{"id":41,"displayType":0,"effectName":"HealOne1","flashTimings":[{"frame":0,"duration":10,"color":[0,255,0,102]},{"frame":9,"duration":30,"color":[102,255,0,102]},{"frame":19,"duration":30,"color":[136,255,0,102]},{"frame":29,"duration":30,"color":[136,255,0,102]}],"name":"Sanar uno 1","offsetX":0,"offsetY":0,"rotation":{"x":0,"y":0,"z":0},"scale":100,"soundTimings":[{"frame":0,"se":{"name":"Heal3","pan":0,"pitch":100,"volume":90}},{"frame":0,"se":{"name":"Saint2","pan":0,"pitch":100,"volume":90}}],"speed":100},
{"id":42,"displayType":0,"effectName":"HealOne2","flashTimings":[{"frame":0,"duration":10,"color":[0,255,0,102]},{"frame":9,"duration":30,"color":[0,255,0,102]},{"frame":29,"duration":30,"color":[136,255,0,102]},{"frame":49,"duration":30,"color":[136,255,0,102]},{"frame":69,"duration":30,"color":[136,255,0,102]},{"frame":89,"duration":30,"color":[136,255,0,102]}],"name":"Sanar uno 2","offsetX":0,"offsetY":0,"rotation":{"x":0,"y":0,"z":0},"scale":100,"soundTimings":[{"frame":0,"se":{"name":"Starlight","pan":0,"pitch":150,"volume":80}},{"frame":0,"se":{"name":"Saint2","pan":0,"pitch":100,"volume":100}}],"speed":100},
{"id":43,"displayType":2,"effectName":"HealAll1","flashTimings":[{"frame":0,"duration":10,"color":[0,255,0,170]},{"frame":19,"duration":5,"color":[0,255,0,102]},{"frame":29,"duration":30,"color":[0,255,0,102]}],"name":"Sanar todos 1","offsetX":0,"offsetY":0,"rotation":{"x":0,"y":0,"z":0},"scale":100,"soundTimings":[{"frame":0,"se":{"name":"Saint4","pan":0,"pitch":150,"volume":90}},{"frame":1,"se":{"name":"Ice4","pan":0,"pitch":150,"volume":90}},{"frame":3,"se":{"name":"Heal1","pan":0,"pitch":150,"volume":90}},{"frame":4,"se":{"name":"Ice5","pan":0,"pitch":100,"volume":90}}],"speed":100},
{"id":44,"displayType":2,"effectName":"HealAll2","flashTimings":[{"frame":0,"duration":10,"color":[255,255,0,170]},{"frame":19,"duration":5,"color":[255,255,0,102]},{"frame":29,"duration":30,"color":[255,255,0,102]}],"name":"Sanar todos 2","offsetX":0,"offsetY":0,"rotation":{"x":0,"y":0,"z":0},"scale":100,"soundTimings":[{"frame":0,"se":{"name":"Ice1","pan":0,"pitch":100,"volume":90}},{"frame":8,"se":{"name":"Evasion2","pan":0,"pitch":50,"volume":90}},{"frame":9,"se":{"name":"Flash2","pan":0,"pitch":50,"volume":50}},{"frame":9,"se":{"name":"Ice4","pan":0,"pitch":100,"volume":80}}],"speed":100},
{"id":45,"displayType":0,"effectName":"CureOne1","flashTimings":[{"frame":0,"duration":10,"color":[0,255,0,102]},{"frame":9,"duration":30,"color":[102,255,0,102]},{"frame":19,"duration":30,"color":[136,255,0,102]},{"frame":29,"duration":30,"color":[136,255,0,102]}],"name":"Curar uno 1","offsetX":0,"offsetY":0,"rotation":{"x":0,"y":0,"z":0},"scale":100,"soundTimings":[{"frame":1,"se":{"name":"Ice1","pan":0,"pitch":100,"volume":90}},{"frame":2,"se":{"name":"Recovery","pan":0,"pitch":70,"volume":90}},{"frame":6,"se":{"name":"Ice4","pan":0,"pitch":100,"volume":90}}],"speed":100},
{"id":46,"displayType":0,"effectName":"CureOne2","flashTimings":[{"frame":0,"duration":10,"color":[0,255,0,102]},{"frame":9,"duration":30,"color":[102,255,0,102]},{"frame":29,"duration":30,"color":[136,255,0,102]},{"frame":49,"duration":30,"color":[136,255,0,102]}],"name":"Curar uno 2","offsetX":0,"offsetY":0,"rotation":{"x":0,"y":0,"z":0},"scale":100,"soundTimings":[{"frame":0,"se":{"name":"Ice1","pan":0,"pitch":90,"volume":90}},{"frame":2,"se":{"name":"Ice4","pan":0,"pitch":100,"volume":90}}],"speed":100},
{"id":47,"displayType":2,"effectName":"CureAll1","flashTimings":[{"frame":0,"duration":10,"color":[255,255,255,170]},{"frame":19,"duration":5,"color":[153,255,255,102]},{"frame":24,"duration":30,"color":[255,255,255,102]}],"name":"Curar todos 1","offsetX":0,"offsetY":0,"rotation":{"x":0,"y":0,"z":0},"scale":100,"soundTimings":[{"frame":0,"se":{"name":"Starlight","pan":0,"pitch":150,"volume":80}},{"frame":1,"se":{"name":"Ice4","pan":0,"pitch":120,"volume":90}},{"frame":6,"se":{"name":"Ice1","pan":0,"pitch":100,"volume":90}},{"frame":9,"se":{"name":"Heal3","pan":0,"pitch":120,"volume":90}}],"speed":100},
{"id":48,"displayType":2,"effectName":"CureAll2","flashTimings":[{"frame":0,"duration":10,"color":[255,255,255,170]},{"frame":19,"duration":5,"color":[153,255,255,170]},{"frame":24,"duration":10,"color":[255,255,255,102]},{"frame":49,"duration":20,"color":[255,255,255,102]}],"name":"Curar todos 2","offsetX":0,"offsetY":0,"rotation":{"x":0,"y":0,"z":0},"scale":150,"soundTimings":[{"frame":0,"se":{"name":"Ice4","pan":0,"pitch":100,"volume":90}},{"frame":0,"se":{"name":"Saint4","pan":0,"pitch":150,"volume":80}}],"speed":100},
{"id":49,"displayType":0,"effectName":"Revive1","flashTimings":[{"frame":0,"duration":10,"color":[0,255,0,102]},{"frame":9,"duration":30,"color":[102,255,0,102]},{"frame":29,"duration":30,"color":[136,255,0,102]},{"frame":49,"duration":30,"color":[255,255,255,102]}],"name":"Revivir 1","offsetX":0,"offsetY":0,"rotation":{"x":0,"y":0,"z":0},"scale":100,"soundTimings":[{"frame":0,"se":{"name":"Magic1","pan":0,"pitch":100,"volume":90}},{"frame":3,"se":{"name":"Starlight","pan":0,"pitch":130,"volume":90}},{"frame":4,"se":{"name":"Skill1","pan":0,"pitch":70,"volume":90}}],"speed":100},
{"id":50,"displayType":0,"effectName":"Revive2","flashTimings":[{"frame":0,"duration":10,"color":[0,255,0,102]},{"frame":9,"duration":30,"color":[102,255,0,102]},{"frame":29,"duration":30,"color":[255,255,255,102]},{"frame":49,"duration":30,"color":[255,255,255,102]}],"name":"Revivir 2","offsetX":0,"offsetY":0,"rotation":{"x":0,"y":0,"z":0},"scale":100,"soundTimings":[{"frame":0,"se":{"name":"Magic2","pan":0,"pitch":100,"volume":90}},{"frame":9,"se":{"name":"Ice4","pan":0,"pitch":150,"volume":100}},{"frame":13,"se":{"name":"Up3","pan":0,"pitch":130,"volume":80}}],"speed":100},
{"id":51,"displayType":0,"effectName":"Powerup1","flashTimings":[{"frame":5,"duration":15,"color":[255,187,0,136]},{"frame":19,"duration":30,"color":[255,204,102,102]}],"name":"Más potencia 1","offsetX":0,"offsetY":0,"rotation":{"x":0,"y":0,"z":0},"scale":100,"soundTimings":[{"frame":0,"se":{"name":"Up4","pan":0,"pitch":100,"volume":90}},{"frame":2,"se":{"name":"Magic1","pan":0,"pitch":100,"volume":90}}],"speed":100},
{"id":52,"displayType":0,"effectName":"Powerup2","flashTimings":[{"frame":5,"duration":20,"color":[255,255,0,119]},{"frame":19,"duration":15,"color":[255,255,0,102]},{"frame":34,"duration":15,"color":[255,255,255,102]}],"name":"Más potencia 2","offsetX":0,"offsetY":0,"rotation":{"x":0,"y":0,"z":0},"scale":100,"soundTimings":[{"frame":0,"se":{"name":"Powerup","pan":0,"pitch":100,"volume":90}},{"frame":4,"se":{"name":"Magic4","pan":0,"pitch":120,"volume":80}}],"speed":100},
{"id":53,"displayType":0,"effectName":"Powerup3","flashTimings":[{"frame":0,"duration":10,"color":[255,255,255,255]},{"frame":19,"duration":50,"color":[255,153,0,119]}],"name":"Más potencia 3","offsetX":0,"offsetY":0,"rotation":{"x":0,"y":0,"z":0},"scale":70,"soundTimings":[{"frame":0,"se":{"name":"Up1","pan":0,"pitch":80,"volume":80}},{"frame":9,"se":{"name":"Ice4","pan":0,"pitch":90,"volume":80}}],"speed":100},
{"id":54,"displayType":0,"effectName":"Powerdown1","flashTimings":[{"frame":5,"duration":15,"color":[85,0,255,102]},{"frame":19,"duration":30,"color":[85,0,255,68]}],"name":"Menos potencia 1","offsetX":0,"offsetY":0,"rotation":{"x":0,"y":0,"z":0},"scale":100,"soundTimings":[{"frame":0,"se":{"name":"Down2","pan":0,"pitch":100,"volume":90}},{"frame":2,"se":{"name":"Magic2","pan":0,"pitch":100,"volume":90}}],"speed":100},
{"id":55,"displayType":0,"effectName":"Powerdown2","flashTimings":[{"frame":0,"duration":30,"color":[0,0,0,170]},{"frame":29,"duration":30,"color":[85,0,136,170]}],"name":"Menos potencia 2","offsetX":0,"offsetY":0,"rotation":{"x":0,"y":0,"z":0},"scale":100,"soundTimings":[{"frame":0,"se":{"name":"Stare","pan":0,"pitch":110,"volume":70}},{"frame":6,"se":{"name":"Earth2","pan":0,"pitch":70,"volume":80}}],"speed":100},
{"id":56,"displayType":0,"effectName":"Powerdown3","flashTimings":[{"frame":9,"duration":20,"color":[255,255,255,170]},{"frame":39,"duration":30,"color":[170,255,0,170]},{"frame":49,"duration":30,"color":[255,255,119,170]}],"name":"Menos potencia 3","offsetX":0,"offsetY":0,"rotation":{"x":0,"y":0,"z":0},"scale":100,"soundTimings":[{"frame":0,"se":{"name":"Blind","pan":0,"pitch":120,"volume":80}},{"frame":59,"se":{"name":"Darkness7","pan":0,"pitch":100,"volume":80}},{"frame":69,"se":{"name":"Darkness8","pan":0,"pitch":100,"volume":80}}],"speed":100},
{"id":57,"displayType":0,"effectName":"Bind","flashTimings":[{"frame":9,"duration":20,"color":[255,255,255,170]},{"frame":39,"duration":30,"color":[170,255,0,170]},{"frame":49,"duration":30,"color":[255,255,119,170]}],"name":"Atadura","offsetX":0,"offsetY":0,"rotation":{"x":0,"y":0,"z":0},"scale":70,"soundTimings":[{"frame":0,"se":{"name":"Wind5","pan":0,"pitch":80,"volume":90}},{"frame":2,"se":{"name":"Darkness4","pan":0,"pitch":60,"volume":100}},{"frame":5,"se":{"name":"Darkness1","pan":0,"pitch":100,"volume":100}}],"speed":100},
{"id":58,"displayType":0,"effectName":"Absorb","flashTimings":[{"frame":29,"duration":60,"color":[170,0,136,136]}],"name":"Absorción","offsetX":0,"offsetY":0,"rotation":{"x":0,"y":0,"z":0},"scale":100,"soundTimings":[{"frame":0,"se":{"name":"Darkness1","pan":0,"pitch":150,"volume":90}},{"frame":1,"se":{"name":"Twine","pan":0,"pitch":150,"volume":70}},{"frame":1,"se":{"name":"Particles1","pan":0,"pitch":150,"volume":70}}],"speed":100},
{"id":59,"displayType":0,"effectName":"Poison","flashTimings":[{"frame":29,"duration":60,"color":[68,0,187,170]}],"name":"Veneno","offsetX":0,"offsetY":0,"rotation":{"x":0,"y":0,"z":0},"scale":100,"soundTimings":[{"frame":0,"se":{"name":"Poison","pan":0,"pitch":100,"volume":90}}],"speed":100},
{"id":60,"displayType":0,"effectName":"Blind","flashTimings":[{"frame":9,"duration":20,"color":[0,0,0,119]},{"frame":59,"duration":30,"color":[0,0,0,119]},{"frame":89,"duration":50,"color":[0,0,0,119]}],"name":"Ceguera","offsetX":0,"offsetY":0,"rotation":{"x":0,"y":0,"z":0},"scale":100,"soundTimings":[{"frame":2,"se":{"name":"Blind","pan":0,"pitch":100,"volume":90}},{"frame":3,"se":{"name":"Darkness2","pan":0,"pitch":80,"volume":50}}],"speed":100},
{"id":61,"displayType":0,"effectName":"Silence","flashTimings":[{"frame":39,"duration":50,"color":[170,255,255,170]}],"name":"Silencio","offsetX":0,"offsetY":0,"rotation":{"x":90,"y":0,"z":0},"scale":80,"soundTimings":[{"frame":0,"se":{"name":"Silence","pan":0,"pitch":100,"volume":90}},{"frame":5,"se":{"name":"Sound2","pan":0,"pitch":80,"volume":70}},{"frame":59,"se":{"name":"Flash1","pan":0,"pitch":70,"volume":70}}],"speed":100},
{"id":62,"displayType":0,"effectName":"Sleep","flashTimings":[{"frame":9,"duration":10,"color":[255,255,255,102]},{"frame":39,"duration":30,"color":[170,170,238,170]}],"name":"Sueño","offsetX":0,"offsetY":0,"rotation":{"x":0,"y":0,"z":0},"scale":100,"soundTimings":[{"frame":1,"se":{"name":"Up1","pan":0,"pitch":50,"volume":70}},{"frame":5,"se":{"name":"Sleep","pan":0,"pitch":100,"volume":90}}],"speed":100},
{"id":63,"displayType":0,"effectName":"Confusion","flashTimings":[{"frame":9,"duration":10,"color":[255,255,255,68]},{"frame":39,"duration":30,"color":[255,136,255,170]}],"name":"Confusión","offsetX":15,"offsetY":-30,"rotation":{"x":0,"y":0,"z":0},"scale":50,"soundTimings":[{"frame":0,"se":{"name":"Absorb2","pan":0,"pitch":50,"volume":80}},{"frame":4,"se":{"name":"Raise2","pan":0,"pitch":70,"volume":80}}],"speed":100},
{"id":64,"displayType":0,"effectName":"Paralyze","flashTimings":[{"frame":9,"duration":20,"color":[255,255,255,170]},{"frame":39,"duration":30,"color":[170,255,0,170]},{"frame":49,"duration":30,"color":[255,255,119,170]}],"name":"Parálisis","offsetX":0,"offsetY":0,"rotation":{"x":0,"y":0,"z":0},"scale":100,"soundTimings":[{"frame":0,"se":{"name":"Darkness1","pan":0,"pitch":150,"volume":90}},{"frame":3,"se":{"name":"Paralyze3","pan":0,"pitch":100,"volume":90}}],"speed":100},
{"id":65,"displayType":0,"effectName":"Death","flashTimings":[{"frame":14,"duration":30,"color":[255,0,0,187]},{"frame":79,"duration":50,"color":[255,0,0,187]}],"name":"Muerte","offsetX":0,"offsetY":0,"rotation":{"x":0,"y":0,"z":0},"scale":100,"soundTimings":[{"frame":1,"se":{"name":"Stare","pan":0,"pitch":120,"volume":90}},{"frame":44,"se":{"name":"Darkness5","pan":0,"pitch":90,"volume":80}}],"speed":100},
{"id":66,"displayType":0,"effectName":"FireOne1","flashTimings":[{"frame":9,"duration":30,"color":[255,170,51,204]},{"frame":39,"duration":30,"color":[255,170,51,204]}],"name":"Fuego uno 1","offsetX":0,"offsetY":0,"rotation":{"x":0,"y":0,"z":0},"scale":100,"soundTimings":[{"frame":0,"se":{"name":"Fire8","pan":0,"pitch":90,"volume":80}}],"speed":100},
{"id":67,"displayType":0,"effectName":"FireOne2","flashTimings":[{"frame":9,"duration":30,"color":[255,170,51,204]}],"name":"Fuego uno 2","offsetX":0,"offsetY":0,"rotation":{"x":0,"y":0,"z":0},"scale":100,"soundTimings":[{"frame":0,"se":{"name":"Fire9","pan":0,"pitch":150,"volume":80}}],"speed":100},
{"id":68,"displayType":1,"effectName":"FireAll1","flashTimings":[{"frame":9,"duration":30,"color":[255,221,51,204]},{"frame":29,"duration":30,"color":[187,102,102,68]},{"frame":49,"duration":30,"color":[255,221,51,204]},{"frame":79,"duration":50,"color":[187,102,102,68]}],"name":"Fuego todos 1","offsetX":0,"offsetY":0,"rotation":{"x":0,"y":0,"z":0},"scale":100,"soundTimings":[{"frame":0,"se":{"name":"Fire8","pan":0,"pitch":70,"volume":80}}],"speed":100},
{"id":69,"displayType":2,"effectName":"FireAll2","flashTimings":[{"frame":9,"duration":50,"color":[255,221,51,204]},{"frame":29,"duration":30,"color":[255,102,102,136]}],"name":"Fuego todos 2","offsetX":0,"offsetY":0,"rotation":{"x":0,"y":0,"z":0},"scale":100,"soundTimings":[{"frame":0,"se":{"name":"Fire8","pan":0,"pitch":70,"volume":80}}],"speed":100},
{"id":70,"displayType":2,"effectName":"FireAll3","flashTimings":[{"frame":29,"duration":50,"color":[255,221,51,204]},{"frame":49,"duration":30,"color":[255,102,102,136]}],"name":"Fuego todos 3","offsetX":0,"offsetY":0,"rotation":{"x":0,"y":0,"z":0},"scale":100,"soundTimings":[{"frame":0,"se":{"name":"Fire8","pan":0,"pitch":70,"volume":80}}],"speed":100},
{"id":71,"displayType":0,"effectName":"IceOne1","flashTimings":[{"frame":19,"duration":80,"color":[119,204,255,153]}],"name":"Hielo uno 1","offsetX":0,"offsetY":0,"rotation":{"x":0,"y":0,"z":0},"scale":100,"soundTimings":[{"frame":0,"se":{"name":"Starlight","pan":0,"pitch":150,"volume":80}},{"frame":1,"se":{"name":"Wind1","pan":0,"pitch":80,"volume":70}},{"frame":3,"se":{"name":"Crash","pan":0,"pitch":150,"volume":90}},{"frame":9,"se":{"name":"Ice11","pan":0,"pitch":100,"volume":90}},{"frame":13,"se":{"name":"Sword2","pan":0,"pitch":150,"volume":90}}],"speed":100},
{"id":72,"displayType":0,"effectName":"IceOne2","flashTimings":[{"frame":19,"duration":50,"color":[119,204,255,153]}],"name":"Hielo uno 2","offsetX":0,"offsetY":0,"rotation":{"x":0,"y":0,"z":0},"scale":100,"soundTimings":[{"frame":0,"se":{"name":"Ice4","pan":0,"pitch":100,"volume":90}},{"frame":0,"se":{"name":"Thunder1","pan":0,"pitch":150,"volume":90}}],"speed":100},
{"id":73,"displayType":1,"effectName":"IceAll1","flashTimings":[{"frame":29,"duration":25,"color":[119,204,153,204]},{"frame":99,"duration":50,"color":[119,204,255,204]}],"name":"Hielo todos 1","offsetX":0,"offsetY":0,"rotation":{"x":0,"y":0,"z":0},"scale":100,"soundTimings":[{"frame":0,"se":{"name":"Thunder4","pan":0,"pitch":150,"volume":90}},{"frame":5,"se":{"name":"Flash2","pan":0,"pitch":150,"volume":90}},{"frame":16,"se":{"name":"Earth1","pan":0,"pitch":130,"volume":70}},{"frame":17,"se":{"name":"Ice5","pan":0,"pitch":100,"volume":90}},{"frame":89,"se":{"name":"Ice11","pan":0,"pitch":100,"volume":90}}],"speed":100},
{"id":74,"displayType":2,"effectName":"IceAll2","flashTimings":[{"frame":29,"duration":80,"color":[170,204,255,153]}],"name":"Hielo todos 2","offsetX":0,"offsetY":0,"rotation":{"x":0,"y":0,"z":0},"scale":100,"soundTimings":[{"frame":0,"se":{"name":"Wind6","pan":0,"pitch":80,"volume":90}},{"frame":2,"se":{"name":"Thunder6","pan":0,"pitch":90,"volume":80}},{"frame":0,"se":{"name":"Ice10","pan":0,"pitch":90,"volume":80}}],"speed":100},
{"id":75,"displayType":2,"effectName":"IceAll3","flashTimings":[{"frame":29,"duration":25,"color":[170,204,255,204]},{"frame":59,"duration":50,"color":[170,204,255,204]}],"name":"Hielo todos 3","offsetX":0,"offsetY":0,"rotation":{"x":0,"y":0,"z":0},"scale":100,"soundTimings":[{"frame":0,"se":{"name":"Wind2","pan":0,"pitch":70,"volume":65}},{"frame":0,"se":{"name":"Magic1","pan":0,"pitch":100,"volume":80}},{"frame":9,"se":{"name":"Ice10","pan":0,"pitch":100,"volume":80}},{"frame":19,"se":{"name":"Crash","pan":0,"pitch":150,"volume":70}},{"frame":23,"se":{"name":"Ice5","pan":0,"pitch":100,"volume":90}}],"speed":100},
{"id":76,"displayType":0,"effectName":"ThunderOne1","flashTimings":[{"frame":9,"duration":50,"color":[255,255,255,204]}],"name":"Rayo uno 1","offsetX":0,"offsetY":0,"rotation":{"x":0,"y":0,"z":0},"scale":100,"soundTimings":[{"frame":0,"se":{"name":"Thunder6","pan":0,"pitch":100,"volume":90}}],"speed":100},
{"id":77,"displayType":0,"effectName":"ThunderOne2","flashTimings":[{"frame":9,"duration":30,"color":[119,255,170,204]},{"frame":29,"duration":30,"color":[255,255,255,204]}],"name":"Rayo uno 2","offsetX":0,"offsetY":0,"rotation":{"x":0,"y":0,"z":0},"scale":100,"soundTimings":[{"frame":0,"se":{"name":"Thunder3","pan":0,"pitch":100,"volume":90}},{"frame":0,"se":{"name":"Thunder8","pan":0,"pitch":100,"volume":90}}],"speed":100},
{"id":78,"displayType":1,"effectName":"ThunderAll1","flashTimings":[{"frame":0,"duration":50,"color":[255,255,119,153]},{"frame":29,"duration":20,"color":[255,255,136,204]},{"frame":59,"duration":20,"color":[255,255,255,204]}],"name":"Rayo todos 1","offsetX":0,"offsetY":0,"rotation":{"x":0,"y":0,"z":0},"scale":120,"soundTimings":[{"frame":0,"se":{"name":"Thunder1","pan":0,"pitch":150,"volume":90}},{"frame":1,"se":{"name":"Paralyze1","pan":0,"pitch":150,"volume":90}},{"frame":49,"se":{"name":"Thunder1","pan":0,"pitch":150,"volume":90}},{"frame":50,"se":{"name":"Paralyze1","pan":0,"pitch":150,"volume":90}}],"speed":100},
{"id":79,"displayType":2,"effectName":"ThunderAll2","flashTimings":[{"frame":0,"duration":50,"color":[255,255,119,153]},{"frame":29,"duration":20,"color":[255,255,136,204]}],"name":"Rayo todos 2","offsetX":0,"offsetY":0,"rotation":{"x":0,"y":0,"z":0},"scale":150,"soundTimings":[{"frame":0,"se":{"name":"Thunder10","pan":0,"pitch":120,"volume":100}},{"frame":1,"se":{"name":"Thunder9","pan":0,"pitch":100,"volume":100}}],"speed":100},
{"id":80,"displayType":2,"effectName":"ThunderAll3","flashTimings":[{"frame":29,"duration":50,"color":[255,255,119,153]},{"frame":49,"duration":10,"color":[255,255,136,204]},{"frame":79,"duration":20,"color":[255,255,255,204]}],"name":"Rayo todos 3","offsetX":0,"offsetY":0,"rotation":{"x":0,"y":0,"z":0},"scale":100,"soundTimings":[{"frame":0,"se":{"name":"Wind2","pan":0,"pitch":75,"volume":65}},{"frame":0,"se":{"name":"Magic1","pan":0,"pitch":100,"volume":80}},{"frame":59,"se":{"name":"Thunder9","pan":0,"pitch":100,"volume":90}},{"frame":59,"se":{"name":"Paralyze1","pan":0,"pitch":100,"volume":75}},{"frame":79,"se":{"name":"Paralyze1","pan":0,"pitch":100,"volume":75}}],"speed":100},
{"id":81,"displayType":0,"effectName":"WaterOne1","flashTimings":[{"frame":19,"duration":60,"color":[170,204,255,204]}],"name":"Agua uno 1","offsetX":0,"offsetY":0,"rotation":{"x":0,"y":0,"z":0},"scale":100,"soundTimings":[{"frame":0,"se":{"name":"Water5","pan":0,"pitch":100,"volume":90}},{"frame":19,"se":{"name":"Water2","pan":0,"pitch":130,"volume":90}}],"speed":100},
{"id":82,"displayType":0,"effectName":"WaterOne2","flashTimings":[{"frame":19,"duration":60,"color":[170,204,255,204]}],"name":"Agua uno 2","offsetX":0,"offsetY":0,"rotation":{"x":0,"y":0,"z":0},"scale":100,"soundTimings":[{"frame":0,"se":{"name":"Dive","pan":0,"pitch":135,"volume":90}},{"frame":6,"se":{"name":"Water1","pan":0,"pitch":100,"volume":100}}],"speed":100},
{"id":83,"displayType":1,"effectName":"WaterAll1","flashTimings":[{"frame":19,"duration":30,"color":[170,204,255,204]},{"frame":59,"duration":80,"color":[170,204,255,204]}],"name":"Agua todos 1","offsetX":0,"offsetY":0,"rotation":{"x":0,"y":0,"z":0},"scale":100,"soundTimings":[{"frame":0,"se":{"name":"Water5","pan":0,"pitch":100,"volume":90}},{"frame":11,"se":{"name":"Water4","pan":0,"pitch":90,"volume":90}},{"frame":13,"se":{"name":"Water1","pan":0,"pitch":90,"volume":90}},{"frame":59,"se":{"name":"Water1","pan":0,"pitch":90,"volume":90}},{"frame":59,"se":{"name":"Water4","pan":0,"pitch":90,"volume":90}}],"speed":100},
{"id":84,"displayType":2,"effectName":"WaterAll2","flashTimings":[{"frame":19,"duration":20,"color":[170,204,255,204]},{"frame":49,"duration":20,"color":[170,204,255,204]},{"frame":79,"duration":20,"color":[170,204,255,204]}],"name":"Agua todos 2","offsetX":0,"offsetY":0,"rotation":{"x":0,"y":0,"z":0},"scale":100,"soundTimings":[{"frame":0,"se":{"name":"Water1","pan":0,"pitch":50,"volume":90}}],"speed":100},
{"id":85,"displayType":2,"effectName":"WaterAll3","flashTimings":[{"frame":29,"duration":50,"color":[170,204,255,204]},{"frame":59,"duration":20,"color":[170,204,255,204]},{"frame":89,"duration":20,"color":[170,204,255,204]},{"frame":119,"duration":50,"color":[170,204,255,204]}],"name":"Agua todos 3","offsetX":0,"offsetY":0,"rotation":{"x":0,"y":0,"z":0},"scale":100,"soundTimings":[{"frame":0,"se":{"name":"Wind2","pan":0,"pitch":70,"volume":65}},{"frame":0,"se":{"name":"Magic1","pan":0,"pitch":100,"volume":80}},{"frame":9,"se":{"name":"Wind1","pan":0,"pitch":120,"volume":75}},{"frame":23,"se":{"name":"Water1","pan":0,"pitch":50,"volume":90}},{"frame":59,"se":{"name":"Water2","pan":0,"pitch":50,"volume":90}},{"frame":59,"se":{"name":"Water1","pan":0,"pitch":50,"volume":90}}],"speed":100},
{"id":86,"displayType":0,"effectName":"EarthOne1","flashTimings":[{"frame":0,"duration":30,"color":[255,221,170,170]},{"frame":9,"duration":30,"color":[255,221,170,170]}],"name":"Tierra uno 1","offsetX":0,"offsetY":0,"rotation":{"x":0,"y":0,"z":0},"scale":100,"soundTimings":[{"frame":0,"se":{"name":"Earth1","pan":0,"pitch":150,"volume":90}},{"frame":5,"se":{"name":"Break","pan":0,"pitch":100,"volume":90}}],"speed":100},
{"id":87,"displayType":0,"effectName":"EarthOne2","flashTimings":[{"frame":19,"duration":30,"color":[255,221,170,170]}],"name":"Tierra uno 2","offsetX":0,"offsetY":0,"rotation":{"x":0,"y":0,"z":0},"scale":100,"soundTimings":[{"frame":0,"se":{"name":"Thunder2","pan":0,"pitch":50,"volume":90}},{"frame":0,"se":{"name":"Earth5","pan":0,"pitch":100,"volume":100}},{"frame":29,"se":{"name":"Fire3","pan":0,"pitch":150,"volume":90}}],"speed":100},
{"id":88,"displayType":1,"effectName":"EarthAll1","flashTimings":[{"frame":0,"duration":10,"color":[255,221,170,170]},{"frame":14,"duration":30,"color":[255,221,170,170]}],"name":"Tierra todos 1","offsetX":0,"offsetY":0,"rotation":{"x":0,"y":0,"z":0},"scale":100,"soundTimings":[{"frame":5,"se":{"name":"Earth1","pan":0,"pitch":150,"volume":90}},{"frame":5,"se":{"name":"Fire3","pan":0,"pitch":150,"volume":90}},{"frame":79,"se":{"name":"Earth3","pan":0,"pitch":140,"volume":90}},{"frame":79,"se":{"name":"Fire1","pan":0,"pitch":150,"volume":90}},{"frame":79,"se":{"name":"Sand","pan":0,"pitch":100,"volume":100}}],"speed":100},
{"id":89,"displayType":2,"effectName":"EarthAll2","flashTimings":[{"frame":0,"duration":20,"color":[255,221,170,170]},{"frame":29,"duration":50,"color":[255,221,170,170]}],"name":"Tierra todos 2","offsetX":0,"offsetY":0,"rotation":{"x":0,"y":0,"z":0},"scale":100,"soundTimings":[{"frame":0,"se":{"name":"Earth4","pan":0,"pitch":100,"volume":100}},{"frame":1,"se":{"name":"Earth1","pan":0,"pitch":100,"volume":100}},{"frame":3,"se":{"name":"Earth5","pan":0,"pitch":100,"volume":100}},{"frame":89,"se":{"name":"Sand","pan":0,"pitch":100,"volume":100}}],"speed":100},
{"id":90,"displayType":2,"effectName":"EarthAll3","flashTimings":[{"frame":29,"duration":50,"color":[255,221,170,170]},{"frame":59,"duration":20,"color":[255,221,170,170]},{"frame":89,"duration":20,"color":[255,221,170,170]},{"frame":119,"duration":50,"color":[255,221,170,170]}],"name":"Tierra todos 3","offsetX":0,"offsetY":0,"rotation":{"x":0,"y":0,"z":0},"scale":100,"soundTimings":[{"frame":0,"se":{"name":"Wind2","pan":0,"pitch":70,"volume":65}},{"frame":0,"se":{"name":"Magic1","pan":0,"pitch":100,"volume":80}},{"frame":44,"se":{"name":"Earth2","pan":0,"pitch":125,"volume":75}},{"frame":69,"se":{"name":"Earth4","pan":0,"pitch":125,"volume":75}},{"frame":69,"se":{"name":"Earth1","pan":0,"pitch":125,"volume":75}}],"speed":100},
{"id":91,"displayType":0,"effectName":"WindOne1","flashTimings":[{"frame":9,"duration":30,"color":[255,255,255,170]}],"name":"Viento uno 1","offsetX":0,"offsetY":0,"rotation":{"x":0,"y":0,"z":0},"scale":100,"soundTimings":[{"frame":0,"se":{"name":"Wind5","pan":0,"pitch":80,"volume":90}}],"speed":100},
{"id":92,"displayType":0,"effectName":"WindOne2","flashTimings":[{"frame":9,"duration":40,"color":[255,255,255,170]},{"frame":39,"duration":30,"color":[255,255,255,204]},{"frame":79,"duration":30,"color":[119,255,0,85]}],"name":"Viento uno 2","offsetX":0,"offsetY":0,"rotation":{"x":0,"y":0,"z":0},"scale":150,"soundTimings":[{"frame":0,"se":{"name":"Wind3","pan":0,"pitch":140,"volume":90}},{"frame":4,"se":{"name":"Wind5","pan":0,"pitch":140,"volume":90}},{"frame":14,"se":{"name":"Wind3","pan":0,"pitch":140,"volume":90}},{"frame":19,"se":{"name":"Wind5","pan":0,"pitch":140,"volume":90}}],"speed":100},
{"id":93,"displayType":1,"effectName":"WindAll1","flashTimings":[{"frame":0,"duration":30,"color":[255,255,255,170]},{"frame":39,"duration":30,"color":[170,255,0,170]}],"name":"Viento todos 1","offsetX":0,"offsetY":0,"rotation":{"x":0,"y":0,"z":0},"scale":100,"soundTimings":[{"frame":0,"se":{"name":"Wind5","pan":0,"pitch":120,"volume":90}},{"frame":2,"se":{"name":"Wind2","pan":0,"pitch":150,"volume":90}},{"frame":5,"se":{"name":"Wind2","pan":0,"pitch":150,"volume":90}},{"frame":8,"se":{"name":"Wind2","pan":0,"pitch":150,"volume":90}},{"frame":29,"se":{"name":"Sand","pan":0,"pitch":150,"volume":90}}],"speed":100},
{"id":94,"displayType":2,"effectName":"WindAll2","flashTimings":[{"frame":19,"duration":20,"color":[170,255,0,170]},{"frame":49,"duration":20,"color":[255,255,255,170]},{"frame":79,"duration":20,"color":[170,255,0,170]}],"name":"Viento todos 2","offsetX":0,"offsetY":0,"rotation":{"x":0,"y":0,"z":0},"scale":100,"soundTimings":[{"frame":0,"se":{"name":"Wind5","pan":0,"pitch":80,"volume":100}},{"frame":1,"se":{"name":"Sand","pan":0,"pitch":70,"volume":100}}],"speed":100},
{"id":95,"displayType":2,"effectName":"WindAll3","flashTimings":[{"frame":29,"duration":50,"color":[170,255,0,170]},{"frame":59,"duration":20,"color":[170,255,0,102]},{"frame":89,"duration":20,"color":[255,255,255,170]},{"frame":139,"duration":50,"color":[170,255,0,136]}],"name":"Viento todos 3","offsetX":0,"offsetY":0,"rotation":{"x":0,"y":0,"z":0},"scale":100,"soundTimings":[{"frame":0,"se":{"name":"Wind2","pan":0,"pitch":75,"volume":65}},{"frame":0,"se":{"name":"Magic1","pan":0,"pitch":100,"volume":80}},{"frame":29,"se":{"name":"Wind2","pan":0,"pitch":125,"volume":75}},{"frame":49,"se":{"name":"Skill2","pan":0,"pitch":100,"volume":90}},{"frame":79,"se":{"name":"Wind3","pan":0,"pitch":140,"volume":65}},{"frame":79,"se":{"name":"Skill1","pan":0,"pitch":100,"volume":90}},{"frame":109,"se":{"name":"Wind3","pan":0,"pitch":140,"volume":65}},{"frame":129,"se":{"name":"Wind3","pan":0,"pitch":140,"volume":65}}],"speed":100},
{"id":96,"displayType":0,"effectName":"LightOne1","flashTimings":[{"frame":0,"duration":30,"color":[255,255,255,136]},{"frame":39,"duration":50,"color":[255,255,255,170]}],"name":"Luz uno 1","offsetX":0,"offsetY":0,"rotation":{"x":0,"y":0,"z":0},"scale":100,"soundTimings":[{"frame":0,"se":{"name":"Up3","pan":0,"pitch":100,"volume":90}},{"frame":14,"se":{"name":"Reflection","pan":0,"pitch":150,"volume":90}},{"frame":14,"se":{"name":"Sword4","pan":0,"pitch":150,"volume":90}},{"frame":19,"se":{"name":"Reflection","pan":0,"pitch":150,"volume":90}}],"speed":100},
{"id":97,"displayType":0,"effectName":"LightOne2","flashTimings":[{"frame":0,"duration":10,"color":[255,255,0,136]},{"frame":9,"duration":20,"color":[255,255,255,136]},{"frame":39,"duration":50,"color":[255,255,255,170]}],"name":"Luz uno 2","offsetX":0,"offsetY":0,"rotation":{"x":0,"y":0,"z":0},"scale":100,"soundTimings":[{"frame":0,"se":{"name":"Ice3","pan":0,"pitch":70,"volume":90}},{"frame":3,"se":{"name":"Saint4","pan":0,"pitch":115,"volume":90}}],"speed":100},
{"id":98,"displayType":1,"effectName":"LightAll1","flashTimings":[{"frame":29,"duration":10,"color":[255,255,0,136]},{"frame":39,"duration":20,"color":[255,255,255,136]},{"frame":69,"duration":50,"color":[255,255,255,170]}],"name":"Luz todos 1","offsetX":0,"offsetY":0,"rotation":{"x":0,"y":0,"z":0},"scale":100,"soundTimings":[{"frame":0,"se":{"name":"Starlight","pan":0,"pitch":150,"volume":90}},{"frame":1,"se":{"name":"Ice5","pan":0,"pitch":100,"volume":90}},{"frame":2,"se":{"name":"Up1","pan":0,"pitch":80,"volume":90}},{"frame":64,"se":{"name":"Sword2","pan":0,"pitch":150,"volume":90}},{"frame":74,"se":{"name":"Sword2","pan":0,"pitch":150,"volume":90}},{"frame":84,"se":{"name":"Sword2","pan":0,"pitch":150,"volume":90}}],"speed":100},
{"id":99,"displayType":2,"effectName":"LightAll2","flashTimings":[{"frame":0,"duration":20,"color":[255,255,255,204]},{"frame":29,"duration":30,"color":[255,255,255,136]},{"frame":69,"duration":50,"color":[255,255,255,170]}],"name":"Luz todos 2","offsetX":0,"offsetY":0,"rotation":{"x":0,"y":0,"z":0},"scale":100,"soundTimings":[{"frame":0,"se":{"name":"Skill1","pan":0,"pitch":100,"volume":100}},{"frame":8,"se":{"name":"Explosion1","pan":0,"pitch":150,"volume":100}},{"frame":8,"se":{"name":"Saint4","pan":0,"pitch":120,"volume":100}},{"frame":59,"se":{"name":"Explosion4","pan":0,"pitch":150,"volume":100}}],"speed":100},
{"id":100,"displayType":2,"effectName":"LightAll3","flashTimings":[{"frame":29,"duration":50,"color":[255,255,255,204]},{"frame":79,"duration":30,"color":[255,255,255,136]},{"frame":139,"duration":50,"color":[255,255,255,170]}],"name":"Luz todos 3","offsetX":0,"offsetY":0,"rotation":{"x":0,"y":0,"z":0},"scale":100,"soundTimings":[{"frame":0,"se":{"name":"Wind2","pan":0,"pitch":70,"volume":65}},{"frame":0,"se":{"name":"Magic1","pan":0,"pitch":100,"volume":80}},{"frame":9,"se":{"name":"Skill3","pan":0,"pitch":110,"volume":75}},{"frame":19,"se":{"name":"Ice4","pan":0,"pitch":100,"volume":90}},{"frame":27,"se":{"name":"Ice3","pan":0,"pitch":100,"volume":90}},{"frame":59,"se":{"name":"Wind2","pan":0,"pitch":150,"volume":90}},{"frame":79,"se":{"name":"Wind2","pan":0,"pitch":150,"volume":90}},{"frame":89,"se":{"name":"Wind2","pan":0,"pitch":150,"volume":90}},{"frame":119,"se":{"name":"Magic12","pan":0,"pitch":100,"volume":90}}],"speed":100},
{"id":101,"displayType":0,"effectName":"DarknessOne1","flashTimings":[{"frame":0,"duration":20,"color":[0,0,0,204]},{"frame":29,"duration":20,"color":[0,0,0,204]},{"frame":49,"duration":20,"color":[0,0,0,170]}],"name":"Oscuridad uno 1","offsetX":0,"offsetY":0,"rotation":{"x":0,"y":0,"z":0},"scale":100,"soundTimings":[{"frame":0,"se":{"name":"Darkness1","pan":0,"pitch":150,"volume":90}}],"speed":100},
{"id":102,"displayType":0,"effectName":"DarknessOne2","flashTimings":[{"frame":0,"duration":20,"color":[0,0,0,204]},{"frame":29,"duration":20,"color":[0,0,0,204]},{"frame":49,"duration":20,"color":[0,0,0,170]},{"frame":99,"duration":50,"color":[0,0,0,136]}],"name":"Oscuridad uno 2","offsetX":0,"offsetY":0,"rotation":{"x":0,"y":0,"z":0},"scale":80,"soundTimings":[{"frame":0,"se":{"name":"Darkness3","pan":0,"pitch":100,"volume":90}},{"frame":59,"se":{"name":"Darkness1","pan":0,"pitch":130,"volume":90}}],"speed":100},
{"id":103,"displayType":1,"effectName":"DarknessAll1","flashTimings":[{"frame":0,"duration":20,"color":[0,0,0,136]},{"frame":89,"duration":20,"color":[0,0,0,170]},{"frame":129,"duration":50,"color":[0,0,0,204]}],"name":"Oscuridad todos 1","offsetX":0,"offsetY":0,"rotation":{"x":0,"y":0,"z":0},"scale":100,"soundTimings":[{"frame":0,"se":{"name":"Darkness4","pan":0,"pitch":100,"volume":90}},{"frame":9,"se":{"name":"Thunder3","pan":0,"pitch":50,"volume":90}},{"frame":69,"se":{"name":"Fire9","pan":0,"pitch":50,"volume":90}},{"frame":79,"se":{"name":"Fire9","pan":0,"pitch":150,"volume":90}},{"frame":89,"se":{"name":"Fire9","pan":0,"pitch":150,"volume":90}},{"frame":99,"se":{"name":"Fire9","pan":0,"pitch":150,"volume":90}}],"speed":100},
{"id":104,"displayType":2,"effectName":"DarknessAll2","flashTimings":[{"frame":0,"duration":20,"color":[0,0,0,204]},{"frame":29,"duration":20,"color":[0,0,0,204]},{"frame":49,"duration":20,"color":[0,0,0,170]},{"frame":99,"duration":50,"color":[0,0,0,136]}],"name":"Oscuridad todos 2","offsetX":0,"offsetY":0,"rotation":{"x":0,"y":0,"z":0},"scale":150,"soundTimings":[{"frame":0,"se":{"name":"Teleport","pan":0,"pitch":100,"volume":90}},{"frame":29,"se":{"name":"Blind","pan":0,"pitch":100,"volume":80}},{"frame":29,"se":{"name":"Float2","pan":0,"pitch":140,"volume":80}}],"speed":100},
{"id":105,"displayType":2,"effectName":"DarknessAll3","flashTimings":[{"frame":29,"duration":50,"color":[0,0,0,204]},{"frame":79,"duration":30,"color":[0,0,0,136]},{"frame":139,"duration":40,"color":[0,0,0,170]}],"name":"Oscuridad todos 3","offsetX":0,"offsetY":0,"rotation":{"x":0,"y":0,"z":0},"scale":100,"soundTimings":[{"frame":0,"se":{"name":"Wind2","pan":0,"pitch":70,"volume":65}},{"frame":0,"se":{"name":"Magic1","pan":0,"pitch":100,"volume":80}},{"frame":9,"se":{"name":"Darkness4","pan":0,"pitch":90,"volume":75}},{"frame":64,"se":{"name":"Magic10","pan":0,"pitch":120,"volume":75}},{"frame":64,"se":{"name":"Blind","pan":0,"pitch":120,"volume":75}}],"speed":100},
{"id":106,"displayType":0,"effectName":"NeutralOne1","flashTimings":[{"frame":0,"duration":30,"color":[255,255,0,204]},{"frame":49,"duration":30,"color":[85,255,0,119]}],"name":"Neutral uno 1","offsetX":0,"offsetY":0,"rotation":{"x":0,"y":0,"z":0},"scale":100,"soundTimings":[{"frame":0,"se":{"name":"Darkness1","pan":0,"pitch":150,"volume":90}},{"frame":0,"se":{"name":"Magic5","pan":0,"pitch":150,"volume":90}},{"frame":44,"se":{"name":"Particles1","pan":0,"pitch":150,"volume":90}}],"speed":100},
{"id":107,"displayType":0,"effectName":"NeutralOne2","flashTimings":[{"frame":0,"duration":30,"color":[255,102,0,204]},{"frame":49,"duration":30,"color":[255,102,0,204]}],"name":"Neutral uno 2","offsetX":0,"offsetY":0,"rotation":{"x":0,"y":0,"z":0},"scale":70,"soundTimings":[{"frame":0,"se":{"name":"Explosion2","pan":0,"pitch":150,"volume":90}},{"frame":0,"se":{"name":"Particles1","pan":0,"pitch":150,"volume":90}}],"speed":100},
{"id":108,"displayType":1,"effectName":"NeutralAll1","flashTimings":[{"frame":0,"duration":30,"color":[255,255,0,204]},{"frame":69,"duration":15,"color":[255,102,0,204]},{"frame":89,"duration":30,"color":[255,102,0,204]}],"name":"Neutral todos 1","offsetX":0,"offsetY":0,"rotation":{"x":0,"y":0,"z":0},"scale":100,"soundTimings":[{"frame":0,"se":{"name":"Particles4","pan":0,"pitch":100,"volume":90}}],"speed":100},
{"id":109,"displayType":2,"effectName":"NeutralAll2","flashTimings":[{"frame":0,"duration":30,"color":[255,102,0,204]},{"frame":49,"duration":30,"color":[255,102,0,204]}],"name":"Neutral todos 2","offsetX":0,"offsetY":0,"rotation":{"x":0,"y":0,"z":0},"scale":100,"soundTimings":[{"frame":0,"se":{"name":"Fire9","pan":0,"pitch":140,"volume":90}}],"speed":100},
{"id":110,"displayType":2,"effectName":"NeutralAll3","flashTimings":[{"frame":79,"duration":30,"color":[255,102,0,204]},{"frame":109,"duration":30,"color":[255,102,0,204]},{"frame":129,"duration":50,"color":[255,102,0,204]}],"name":"Neutral todos 3","offsetX":0,"offsetY":0,"rotation":{"x":0,"y":0,"z":0},"scale":100,"soundTimings":[{"frame":0,"se":{"name":"Particles4","pan":0,"pitch":140,"volume":90}},{"frame":59,"se":{"name":"Fire8","pan":0,"pitch":140,"volume":90}},{"frame":69,"se":{"name":"Fire7","pan":0,"pitch":140,"volume":90}},{"frame":79,"se":{"name":"Fire8","pan":0,"pitch":140,"volume":90}},{"frame":89,"se":{"name":"Fire7","pan":0,"pitch":140,"volume":50}},{"frame":99,"se":{"name":"Fire8","pan":0,"pitch":140,"volume":90}}],"speed":100},
{"id":111,"displayType":0,"effectName":"ShootNormal","flashTimings":[{"frame":0,"duration":5,"color":[255,0,0,119]},{"frame":9,"duration":5,"color":[255,0,0,119]},{"frame":19,"duration":10,"color":[255,0,0,119]}],"name":"Disparo normal","offsetX":0,"offsetY":0,"rotation":{"x":0,"y":0,"z":0},"scale":100,"soundTimings":[{"frame":0,"se":{"name":"Gun1","pan":0,"pitch":100,"volume":90}}],"speed":100},
{"id":112,"displayType":0,"effectName":"ShootBarrage","flashTimings":[{"frame":0,"duration":5,"color":[255,255,0,119]},{"frame":9,"duration":5,"color":[255,255,0,119]},{"frame":19,"duration":5,"color":[255,0,0,119]}],"name":"Disparos en ráfaga","offsetX":0,"offsetY":0,"rotation":{"x":0,"y":0,"z":0},"scale":100,"soundTimings":[{"frame":0,"se":{"name":"Gun2","pan":0,"pitch":150,"volume":90}}],"speed":100},
{"id":113,"displayType":1,"effectName":"ShootAll","flashTimings":[{"frame":0,"duration":5,"color":[255,0,0,119]},{"frame":9,"duration":5,"color":[255,0,0,119]},{"frame":19,"duration":10,"color":[255,0,0,119]}],"name":"Disparar todos","offsetX":0,"offsetY":0,"rotation":{"x":0,"y":0,"z":0},"scale":100,"soundTimings":[{"frame":0,"se":{"name":"Gun1","pan":0,"pitch":150,"volume":90}},{"frame":0,"se":{"name":"Crash","pan":0,"pitch":150,"volume":40}},{"frame":9,"se":{"name":"Gun1","pan":0,"pitch":150,"volume":90}},{"frame":19,"se":{"name":"Gun3","pan":0,"pitch":150,"volume":90}}],"speed":100},
{"id":114,"displayType":2,"effectName":"ShootSpecial","flashTimings":[{"frame":69,"duration":10,"color":[255,136,0,153]},{"frame":119,"duration":10,"color":[255,136,0,153]},{"frame":139,"duration":10,"color":[255,0,0,170]},{"frame":154,"duration":30,"color":[255,0,0,204]},{"frame":199,"duration":30,"color":[255,255,0,136]}],"name":"Disparo especial","offsetX":0,"offsetY":0,"rotation":{"x":0,"y":0,"z":0},"scale":100,"soundTimings":[{"frame":0,"se":{"name":"Phone","pan":0,"pitch":150,"volume":40}},{"frame":24,"se":{"name":"Skill1","pan":0,"pitch":150,"volume":70}},{"frame":69,"se":{"name":"Skill2","pan":0,"pitch":150,"volume":70}},{"frame":109,"se":{"name":"Wind6","pan":0,"pitch":150,"volume":70}},{"frame":124,"se":{"name":"Wind6","pan":0,"pitch":150,"volume":70}},{"frame":149,"se":{"name":"Explosion2","pan":0,"pitch":100,"volume":70}},{"frame":169,"se":{"name":"Fire2","pan":0,"pitch":150,"volume":70}}],"speed":100},
{"id":115,"displayType":0,"effectName":"LaserOne","flashTimings":[{"frame":5,"duration":30,"color":[255,136,0,170]},{"frame":39,"duration":30,"color":[255,136,0,153]},{"frame":59,"duration":30,"color":[255,136,0,153]}],"name":"Láser uno","offsetX":0,"offsetY":0,"rotation":{"x":0,"y":0,"z":0},"scale":100,"soundTimings":[{"frame":0,"se":{"name":"Laser1","pan":0,"pitch":50,"volume":90}},{"frame":0,"se":{"name":"Paralyze2","pan":0,"pitch":50,"volume":90}},{"frame":0,"se":{"name":"Evasion2","pan":0,"pitch":150,"volume":90}}],"speed":100},
{"id":116,"displayType":2,"effectName":"LaserAll","flashTimings":[{"frame":5,"duration":30,"color":[255,136,0,119]},{"frame":39,"duration":30,"color":[255,136,0,119]}],"name":"Láser todos","offsetX":0,"offsetY":0,"rotation":{"x":0,"y":0,"z":0},"scale":100,"soundTimings":[{"frame":0,"se":{"name":"Powerup","pan":0,"pitch":150,"volume":90}},{"frame":29,"se":{"name":"Fire6","pan":0,"pitch":150,"volume":90}},{"frame":64,"se":{"name":"Fire3","pan":0,"pitch":150,"volume":90}}],"speed":100},
{"id":117,"displayType":0,"effectName":"LightPillar1","flashTimings":[{"frame":5,"duration":30,"color":[255,255,255,102]},{"frame":39,"duration":30,"color":[102,170,0,102]}],"name":"Pilar de luz 1","offsetX":0,"offsetY":0,"rotation":{"x":0,"y":0,"z":0},"scale":100,"soundTimings":[{"frame":0,"se":{"name":"Magic2","pan":0,"pitch":150,"volume":75}},{"frame":0,"se":{"name":"Up3","pan":0,"pitch":150,"volume":90}},{"frame":39,"se":{"name":"Magic4","pan":0,"pitch":150,"volume":90}},{"frame":39,"se":{"name":"Darkness4","pan":0,"pitch":150,"volume":90}}],"speed":100},
{"id":118,"displayType":0,"effectName":"LightPillar2","flashTimings":[{"frame":5,"duration":30,"color":[255,255,255,102]},{"frame":39,"duration":30,"color":[255,255,255,255]}],"name":"Pilar de luz 2","offsetX":0,"offsetY":0,"rotation":{"x":0,"y":0,"z":0},"scale":100,"soundTimings":[{"frame":0,"se":{"name":"Magic2","pan":0,"pitch":150,"volume":75}},{"frame":0,"se":{"name":"Up3","pan":0,"pitch":150,"volume":90}},{"frame":39,"se":{"name":"Float1","pan":0,"pitch":150,"volume":90}},{"frame":39,"se":{"name":"Darkness4","pan":0,"pitch":150,"volume":90}}],"speed":100},
{"id":119,"displayType":0,"effectName":"BallsOfLight","flashTimings":[{"frame":5,"duration":30,"color":[255,255,255,119]},{"frame":39,"duration":30,"color":[255,255,255,255]}],"name":"Bola de luz","offsetX":0,"offsetY":0,"rotation":{"x":0,"y":0,"z":0},"scale":120,"soundTimings":[{"frame":0,"se":{"name":"Particles1","pan":0,"pitch":110,"volume":60}},{"frame":0,"se":{"name":"Teleport","pan":0,"pitch":110,"volume":90}}],"speed":100},
{"id":120,"displayType":0,"effectName":"Radiation","flashTimings":[{"frame":5,"duration":30,"color":[255,255,255,255]},{"frame":39,"duration":30,"color":[255,255,255,255]}],"name":"Radiación","offsetX":0,"offsetY":0,"rotation":{"x":0,"y":0,"z":0},"scale":100,"soundTimings":[{"frame":5,"se":{"name":"Flash2","pan":0,"pitch":100,"volume":90}}],"speed":100}
]