[
null,
{"id":1,"atypeId":1,"description":"","etypeId":4,"traits":[{"code":22,"dataId":1,"value":0}],"iconIndex":135,"name":"-----Armaduras","note":"","params":[0,0,0,1,0,0,0,0],"price":100},
{"id":2,"atypeId":1,"description":"[Equipam. general] Ropa de lino muy transpirable.","etypeId":4,"traits":[{"code":22,"dataId":1,"value":0}],"iconIndex":135,"name":"Ropa de lino","note":"","params":[0,0,0,1,0,0,0,0],"price":100},
{"id":3,"atypeId":1,"description":"[Equipam. general] Un chaleco de piel curtida.","etypeId":4,"traits":[{"code":22,"dataId":1,"value":0}],"iconIndex":135,"name":"Chaleco de cuero","note":"","params":[0,0,0,3,0,0,0,0],"price":200},
{"id":4,"atypeId":1,"description":"[Equipam. general] Ropa duradera que soporta viajes\nduros.","etypeId":4,"traits":[{"code":22,"dataId":1,"value":0}],"iconIndex":135,"name":"Ropa de aventurero","note":"","params":[0,0,0,7,0,0,0,0],"price":550},
{"id":5,"atypeId":1,"description":"[Equipam. general] Un chaleco de cuero reforzado con\npegamento.","etypeId":4,"traits":[{"code":22,"dataId":1,"value":0}],"iconIndex":135,"name":"Cuero resistente","note":"","params":[0,0,0,15,0,0,0,0],"price":980},
{"id":6,"atypeId":1,"description":"[Equipam. general] Piel curtida reforzada con placas\nde acero.","etypeId":4,"traits":[{"code":22,"dataId":1,"value":0}],"iconIndex":135,"name":"Brigantina","note":"","params":[0,0,0,20,0,0,0,0],"price":1560},
{"id":7,"atypeId":0,"description":"","etypeId":2,"traits":[{"code":22,"dataId":1,"value":0}],"iconIndex":0,"name":"","note":"","params":[0,0,0,0,0,0,0,0],"price":0},
{"id":8,"atypeId":3,"description":"[Equipam. ligero] Armadura de tela resistente.","etypeId":4,"traits":[{"code":22,"dataId":1,"value":0}],"iconIndex":136,"name":"Armadura de tela","note":"","params":[0,0,0,4,0,0,0,0],"price":260},
{"id":9,"atypeId":3,"description":"[Equipam. ligero] Armadura hecha con capas de piel.","etypeId":4,"traits":[{"code":22,"dataId":1,"value":0}],"iconIndex":136,"name":"Armadura de cuero","note":"","params":[0,0,0,8,0,0,0,0],"price":550},
{"id":10,"atypeId":3,"description":"[Equipam. ligero] Un peto hecho con bronce.","etypeId":4,"traits":[{"code":22,"dataId":1,"value":0}],"iconIndex":136,"name":"Peto de bronce","note":"","params":[0,0,0,13,0,0,0,0],"price":840},
{"id":11,"atypeId":3,"description":"[Equipam. ligero] Un peto hecho con acero puro.","etypeId":4,"traits":[{"code":22,"dataId":1,"value":0}],"iconIndex":136,"name":"Peto de hierro","note":"","params":[0,0,0,20,0,0,0,0],"price":1280},
{"id":12,"atypeId":3,"description":"[Equipam. ligero] Un peto hecho con mithril.","etypeId":4,"traits":[{"code":22,"dataId":1,"value":0}],"iconIndex":136,"name":"Peto de mithril","note":"","params":[0,0,0,27,0,0,0,0],"price":2800},
{"id":13,"atypeId":3,"description":"[Equipam. ligero] Un peto hecho con escamas de dragón.","etypeId":4,"traits":[{"code":22,"dataId":1,"value":0}],"iconIndex":136,"name":"Peto de dragón","note":"","params":[0,0,0,35,0,0,0,0],"price":4680},
{"id":14,"atypeId":0,"description":"","etypeId":2,"traits":[{"code":22,"dataId":1,"value":0}],"iconIndex":0,"name":"","note":"","params":[0,0,0,0,0,0,0,0],"price":0},
{"id":15,"atypeId":4,"description":"[Equipam. pesado] Armadura hecha con bronce.","etypeId":4,"traits":[{"code":22,"dataId":1,"value":0}],"iconIndex":137,"name":"Armadura de bronce","note":"","params":[0,0,0,15,0,0,0,0],"price":680},
{"id":16,"atypeId":4,"description":"[Equipam. pesado] Armadura hecha con acero puro.","etypeId":4,"traits":[{"code":22,"dataId":1,"value":0}],"iconIndex":137,"name":"Armadura de hierro","note":"","params":[0,0,0,24,0,0,0,0],"price":1480},
{"id":17,"atypeId":4,"description":"[Equipam. pesado] Armadura hecha con mithril.","etypeId":4,"traits":[{"code":22,"dataId":1,"value":0}],"iconIndex":137,"name":"Armadura de mithril","note":"","params":[0,0,0,37,0,0,0,0],"price":3250},
{"id":18,"atypeId":4,"description":"[Equipam. pesado] Armadura hecha con escamas de dragón.","etypeId":4,"traits":[{"code":22,"dataId":1,"value":0}],"iconIndex":137,"name":"Armadura de dragón","note":"","params":[0,0,0,50,0,0,0,0],"price":5260},
{"id":19,"atypeId":0,"description":"","etypeId":2,"traits":[{"code":22,"dataId":1,"value":0}],"iconIndex":0,"name":"","note":"","params":[0,0,0,0,0,0,0,0],"price":0},
{"id":20,"atypeId":2,"description":"[Equipam. mágico] Una túnica básica y muy frecuente.","etypeId":4,"traits":[{"code":22,"dataId":1,"value":0}],"iconIndex":139,"name":"Túnica de algodón","note":"","params":[0,0,0,4,2,3,0,0],"price":150},
{"id":21,"atypeId":2,"description":"[Equipam. mágico] Una capa de gran calidad hecha con\nseda.","etypeId":4,"traits":[{"code":22,"dataId":1,"value":0}],"iconIndex":139,"name":"Capa de seda","note":"","params":[0,0,0,9,4,6,0,0],"price":560},
{"id":22,"atypeId":2,"description":"[Equipam. mágico] Una túnica grabada con letras\nrúnicas.","etypeId":4,"traits":[{"code":22,"dataId":1,"value":0}],"iconIndex":139,"name":"Túnica táctica","note":"","params":[0,0,0,15,7,11,0,0],"price":1220},
{"id":23,"atypeId":2,"description":"[Equipam. mágico] Una túnica imbuida de poderes\nmágicos.","etypeId":4,"traits":[{"code":22,"dataId":1,"value":0}],"iconIndex":139,"name":"Túnica de sabio","note":"","params":[0,0,0,21,15,18,0,0],"price":2980},
{"id":24,"atypeId":2,"description":"[Equipam. mágico] Una capa que alberga el poder de\nlos espíritus.","etypeId":4,"traits":[{"code":22,"dataId":1,"value":0}],"iconIndex":139,"name":"Capa elemental","note":"","params":[0,0,0,28,20,32,0,0],"price":5760},
{"id":25,"atypeId":0,"description":"","etypeId":2,"traits":[{"code":22,"dataId":1,"value":0}],"iconIndex":0,"name":"","note":"","params":[0,0,0,0,0,0,0,0],"price":0},
{"id":26,"atypeId":1,"description":"","etypeId":4,"traits":[{"code":22,"dataId":1,"value":0}],"iconIndex":135,"name":"-----Escudos","note":"","params":[0,0,0,1,0,0,0,0],"price":100},
{"id":27,"atypeId":5,"description":"[Escudo pequeño] Un escudo pequeño que desvía los\nataques.","etypeId":2,"traits":[{"code":22,"dataId":1,"value":0}],"iconIndex":129,"name":"Broquel","note":"","params":[0,0,0,5,0,0,0,0],"price":300},
{"id":28,"atypeId":5,"description":"[Escudo pequeño] Un escudo redondo de madera reforzado\ncon un bastidor de hierro.","etypeId":2,"traits":[{"code":22,"dataId":1,"value":0}],"iconIndex":129,"name":"Broquel redondo","note":"","params":[0,0,0,10,0,0,0,0],"price":670},
{"id":29,"atypeId":5,"description":"[Escudo pequeño] Un escudo redondo con pinchos.","etypeId":2,"traits":[{"code":22,"dataId":1,"value":0}],"iconIndex":129,"name":"Broquel con pinchos","note":"","params":[0,0,0,15,0,0,0,0],"price":1320},
{"id":30,"atypeId":5,"description":"[Escudo pequeño] Un escudo pequeño hecho con mithril.","etypeId":2,"traits":[{"code":22,"dataId":1,"value":0}],"iconIndex":129,"name":"Broquel de mithril","note":"","params":[0,0,0,21,0,0,0,0],"price":2750},
{"id":31,"atypeId":5,"description":"[Escudo pequeño] Un escudo pequeño hecho con escamas\nde dragón.","etypeId":2,"traits":[{"code":22,"dataId":1,"value":0}],"iconIndex":129,"name":"Broquel de dragón","note":"","params":[0,0,0,28,0,0,0,0],"price":5280},
{"id":32,"atypeId":0,"description":"","etypeId":2,"traits":[{"code":22,"dataId":1,"value":0}],"iconIndex":0,"name":"","note":"","params":[0,0,0,0,0,0,0,0],"price":0},
{"id":33,"atypeId":6,"description":"[Escudo grande] Un escudo grande de madera estándar.","etypeId":2,"traits":[{"code":22,"dataId":1,"value":0}],"iconIndex":128,"name":"Escudo de madera","note":"","params":[0,0,0,7,0,0,0,0],"price":550},
{"id":34,"atypeId":6,"description":"[Escudo grande] Un escudo grande hecho con placas de\nbronce.","etypeId":2,"traits":[{"code":22,"dataId":1,"value":0}],"iconIndex":128,"name":"Escudo de bronce","note":"","params":[0,0,0,12,0,0,0,0],"price":960},
{"id":35,"atypeId":6,"description":"[Escudo grande] Un escudo grande hecho con acero puro.","etypeId":2,"traits":[{"code":22,"dataId":1,"value":0}],"iconIndex":128,"name":"Escudo de hierro","note":"","params":[0,0,0,17,0,0,0,0],"price":1480},
{"id":36,"atypeId":6,"description":"[Escudo grande] Un escudo grande hecho con mithril.","etypeId":2,"traits":[{"code":22,"dataId":1,"value":0}],"iconIndex":128,"name":"Escudo de mithril","note":"","params":[0,0,0,25,0,0,0,0],"price":2980},
{"id":37,"atypeId":6,"description":"[Escudo grande] Un escudo grande hecho con escamas de\ndragón.","etypeId":2,"traits":[{"code":22,"dataId":1,"value":0}],"iconIndex":128,"name":"Escudo de dragón","note":"","params":[0,0,0,38,0,0,0,0],"price":6120},
{"id":38,"atypeId":0,"description":"","etypeId":2,"traits":[{"code":22,"dataId":1,"value":0}],"iconIndex":0,"name":"","note":"","params":[0,0,0,0,0,0,0,0],"price":0},
{"id":39,"atypeId":2,"description":"[Equipam. mágico] Un brazalete encantado con magia\nprotectora.","etypeId":2,"traits":[{"code":22,"dataId":1,"value":0}],"iconIndex":144,"name":"Brazalete de madera","note":"","params":[0,0,0,2,0,3,0,0],"price":300},
{"id":40,"atypeId":2,"description":"[Equipam. mágico] Un brazalete encantado con magia\nprotectora.","etypeId":2,"traits":[{"code":22,"dataId":1,"value":0}],"iconIndex":144,"name":"Brazalete de bronce","note":"","params":[0,0,0,5,0,6,0,0],"price":650},
{"id":41,"atypeId":2,"description":"[Equipam. mágico] Un brazalete encantado con magia\nprotectora.","etypeId":2,"traits":[{"code":22,"dataId":1,"value":0}],"iconIndex":144,"name":"Brazalete de acero","note":"","params":[0,0,0,10,0,9,0,0],"price":1280},
{"id":42,"atypeId":2,"description":"[Equipam. mágico] Un brazalete encantado con magia\nprotectora.","etypeId":2,"traits":[{"code":22,"dataId":1,"value":0}],"iconIndex":144,"name":"Brazalete de mithril","note":"","params":[0,0,0,16,0,12,0,0],"price":2680},
{"id":43,"atypeId":2,"description":"[Equipam. mágico] Un brazalete encantado con magia\nprotectora.","etypeId":2,"traits":[{"code":22,"dataId":1,"value":0}],"iconIndex":144,"name":"Brazalete de dragón","note":"","params":[0,0,0,23,0,15,0,0],"price":4860},
{"id":44,"atypeId":0,"description":"","etypeId":2,"traits":[{"code":22,"dataId":1,"value":0}],"iconIndex":0,"name":"","note":"","params":[0,0,0,0,0,0,0,0],"price":0},
{"id":45,"atypeId":1,"description":"","etypeId":4,"traits":[{"code":22,"dataId":1,"value":0}],"iconIndex":135,"name":"-----Cascos","note":"","params":[0,0,0,1,0,0,0,0],"price":100},
{"id":46,"atypeId":1,"description":"[Equipam. general] Una cinta de tela para protegerse\nla frente.","etypeId":3,"traits":[{"code":22,"dataId":1,"value":0}],"iconIndex":150,"name":"Bandana","note":"","params":[0,0,0,1,0,0,0,0],"price":50},
{"id":47,"atypeId":1,"description":"[Equipam. general] Una cinta de cuero para protegerse\nla frente.","etypeId":3,"traits":[{"code":22,"dataId":1,"value":0}],"iconIndex":150,"name":"Bandana de cuero","note":"","params":[0,0,0,4,0,0,0,0],"price":120},
{"id":48,"atypeId":1,"description":"[Equipam. general] Un sombrero hecho con cuero.","etypeId":3,"traits":[{"code":22,"dataId":1,"value":0}],"iconIndex":130,"name":"Sombrero de cuero","note":"","params":[0,0,0,8,0,0,0,0],"price":480},
{"id":49,"atypeId":1,"description":"[Equipam. general] Una tela gruesa que se coloca\nenvolviendo la cabeza para obtener protección.","etypeId":3,"traits":[{"code":22,"dataId":1,"value":0}],"iconIndex":130,"name":"Turbante","note":"","params":[0,0,0,12,0,0,0,0],"price":980},
{"id":50,"atypeId":1,"description":"[Equipam. general] Un sombrero elegante con plumas de\npájaro.","etypeId":3,"traits":[{"code":22,"dataId":1,"value":0}],"iconIndex":130,"name":"Sombrero de plumas","note":"","params":[0,0,0,16,0,0,0,0],"price":1890},
{"id":51,"atypeId":0,"description":"","etypeId":2,"traits":[{"code":22,"dataId":1,"value":0}],"iconIndex":0,"name":"","note":"","params":[0,0,0,0,0,0,0,0],"price":0},
{"id":52,"atypeId":3,"description":"[Equipam. ligero] Un sombrero hecho con piel curtida.","etypeId":3,"traits":[{"code":22,"dataId":1,"value":0}],"iconIndex":130,"name":"Casquete de piel","note":"","params":[0,0,0,3,0,0,0,0],"price":100},
{"id":53,"atypeId":3,"description":"[Equipam. ligero] Un casco ligero hecho con madera.","etypeId":3,"traits":[{"code":22,"dataId":1,"value":0}],"iconIndex":130,"name":"Casquete de madera","note":"","params":[0,0,0,7,0,0,0,0],"price":300},
{"id":54,"atypeId":3,"description":"[Equipam. ligero] Un casco ligero reforzado con\nplacas de bronce.","etypeId":3,"traits":[{"code":22,"dataId":1,"value":0}],"iconIndex":130,"name":"Casquete de bronce","note":"","params":[0,0,0,12,0,0,0,0],"price":720},
{"id":55,"atypeId":3,"description":"[Equipam. ligero] Un casco ligero reforzado con\nplacas de hierro.","etypeId":3,"traits":[{"code":22,"dataId":1,"value":0}],"iconIndex":130,"name":"Casquete de hierro","note":"","params":[0,0,0,18,0,0,0,0],"price":1680},
{"id":56,"atypeId":3,"description":"[Equipam. ligero] Un casco ligero reforzado con\nmithril.","etypeId":3,"traits":[{"code":22,"dataId":1,"value":0}],"iconIndex":130,"name":"Casquete de mithril","note":"","params":[0,0,0,24,0,0,0,0],"price":3250},
{"id":57,"atypeId":3,"description":"[Equipam. ligero] Un casco ligero reforzado con\nescamas de dragón.","etypeId":3,"traits":[{"code":22,"dataId":1,"value":0}],"iconIndex":130,"name":"Casquete de dragón","note":"","params":[0,0,0,30,0,0,0,0],"price":5480},
{"id":58,"atypeId":0,"description":"","etypeId":2,"traits":[{"code":22,"dataId":1,"value":0}],"iconIndex":0,"name":"","note":"","params":[0,0,0,0,0,0,0,0],"price":0},
{"id":59,"atypeId":4,"description":"[Equipam. pesado] Una capucha hecha con fina cota de\nmalla.","etypeId":3,"traits":[{"code":22,"dataId":1,"value":0}],"iconIndex":132,"name":"Toca de cota de malla","note":"","params":[0,0,0,5,0,0,0,0],"price":250},
{"id":60,"atypeId":4,"description":"[Equipam. pesado] Un casco hecho con gruesas placas\nde bronce.","etypeId":3,"traits":[{"code":22,"dataId":1,"value":0}],"iconIndex":132,"name":"Yelmo de bronce","note":"","params":[0,0,0,12,0,0,0,0],"price":750},
{"id":61,"atypeId":4,"description":"[Equipam. pesado] Un casco hecho con gruesas placas\nde hierro.","etypeId":3,"traits":[{"code":22,"dataId":1,"value":0}],"iconIndex":132,"name":"Yelmo de hierro","note":"","params":[0,0,0,20,0,0,0,0],"price":1580},
{"id":62,"atypeId":4,"description":"[Equipam. pesado] Un casco hecho con mithril.","etypeId":3,"traits":[{"code":22,"dataId":1,"value":0}],"iconIndex":132,"name":"Yelmo de mithril","note":"","params":[0,0,0,28,0,0,0,0],"price":3480},
{"id":63,"atypeId":4,"description":"[Equipam. pesado] Un casco hecho con escamas de dragón.","etypeId":3,"traits":[{"code":22,"dataId":1,"value":0}],"iconIndex":132,"name":"Yelmo de dragón","note":"","params":[0,0,0,34,0,0,0,0],"price":6780},
{"id":64,"atypeId":0,"description":"","etypeId":2,"traits":[{"code":22,"dataId":1,"value":0}],"iconIndex":0,"name":"","note":"","params":[0,0,0,0,0,0,0,0],"price":0},
{"id":65,"atypeId":2,"description":"[Equipam. mágico] Un sombrero triangular de piel\ncurtida y ala ancha.","etypeId":3,"traits":[{"code":22,"dataId":1,"value":0}],"iconIndex":133,"name":"Sombrero puntiagudo","note":"","params":[0,0,0,2,0,5,0,0],"price":100},
{"id":66,"atypeId":2,"description":"[Equipam. mágico] Una corona sencilla encantada con\nmagia protectora.","etypeId":3,"traits":[{"code":22,"dataId":1,"value":0}],"iconIndex":133,"name":"Tiara","note":"","params":[0,0,0,5,0,10,0,0],"price":360},
{"id":67,"atypeId":2,"description":"[Equipam. mágico] Una corona de plata encantada con\nmagia protectora.","etypeId":3,"traits":[{"code":22,"dataId":1,"value":0}],"iconIndex":133,"name":"Tiara de plata","note":"","params":[0,0,0,8,0,15,0,0],"price":980},
{"id":68,"atypeId":2,"description":"[Equipam. mágico] Una corona de oro puro encantada con\nmagia protectora.","etypeId":3,"traits":[{"code":22,"dataId":1,"value":0}],"iconIndex":133,"name":"Tiara de oro","note":"","params":[0,0,0,16,0,25,0,0],"price":1980},
{"id":69,"atypeId":2,"description":"[Equipam. mágico] Una corona de mithril encantada con\nmagia protectora.","etypeId":3,"traits":[{"code":22,"dataId":1,"value":0}],"iconIndex":133,"name":"Tiara de mithril","note":"","params":[0,0,0,20,0,30,0,0],"price":3680},
{"id":70,"atypeId":2,"description":"[Equipam. mágico] Una corona de sabio encantada con\nmagia protectora.","etypeId":3,"traits":[{"code":22,"dataId":1,"value":0}],"iconIndex":133,"name":"Tiara maestra","note":"","params":[0,0,0,25,0,36,0,0],"price":5860},
{"id":71,"atypeId":0,"description":"","etypeId":2,"traits":[{"code":22,"dataId":1,"value":0}],"iconIndex":0,"name":"","note":"","params":[0,0,0,0,0,0,0,0],"price":0},
{"id":72,"atypeId":1,"description":"","etypeId":4,"traits":[{"code":22,"dataId":1,"value":0}],"iconIndex":135,"name":"-----Accesorios","note":"","params":[0,0,0,1,0,0,0,0],"price":100},
{"id":73,"atypeId":1,"description":"[Accesorio] Un amuleto que aumenta la defensa.","etypeId":5,"traits":[{"code":22,"dataId":1,"value":0}],"iconIndex":147,"name":"Piedra guardiana","note":"","params":[0,0,0,5,0,5,0,0],"price":500},
{"id":74,"atypeId":1,"description":"[Accesorio] Un anillo que aumenta la defensa.","etypeId":5,"traits":[{"code":22,"dataId":1,"value":0}],"iconIndex":145,"name":"Anillo guardián","note":"","params":[0,0,0,10,0,10,0,0],"price":1000},
{"id":75,"atypeId":1,"description":"[Accesorio] Una piedra que aumenta el ataque.","etypeId":5,"traits":[{"code":22,"dataId":1,"value":0}],"iconIndex":147,"name":"Piedra de poder","note":"","params":[0,0,5,0,5,0,0,0],"price":500},
{"id":76,"atypeId":1,"description":"[Accesorio] Un anillo que aumenta el ataque.","etypeId":5,"traits":[{"code":22,"dataId":1,"value":0}],"iconIndex":145,"name":"Anillo de poder","note":"","params":[0,0,5,0,10,0,0,0],"price":1000},
{"id":77,"atypeId":1,"description":"[Accesorio] Un amuleto que aumenta la agilidad.","etypeId":5,"traits":[{"code":22,"dataId":1,"value":0}],"iconIndex":147,"name":"Piedra veloz","note":"","params":[0,0,0,0,0,0,5,0],"price":500},
{"id":78,"atypeId":1,"description":"[Accesorio] Un anillo que aumenta la agilidad.","etypeId":5,"traits":[{"code":22,"dataId":1,"value":0}],"iconIndex":145,"name":"Anillo veloz","note":"","params":[0,0,0,0,0,0,5,0],"price":1000},
{"id":79,"atypeId":1,"description":"[Accesorio] Un amuleto que aumenta la suerte.","etypeId":5,"traits":[{"code":22,"dataId":1,"value":0}],"iconIndex":147,"name":"Piedra de la suerte","note":"","params":[0,0,0,0,0,0,0,5],"price":500},
{"id":80,"atypeId":1,"description":"[Accesorio] Un anillo que aumenta la suerte.","etypeId":5,"traits":[{"code":22,"dataId":1,"value":0}],"iconIndex":145,"name":"Anillo de la suerte","note":"","params":[0,0,0,0,0,0,0,10],"price":1000},
{"id":81,"atypeId":1,"description":"[Accesorio] Un amuleto que aumenta el ataque mágico.","etypeId":5,"traits":[{"code":22,"dataId":1,"value":0}],"iconIndex":147,"name":"Piedra mágica","note":"","params":[0,0,0,0,5,5,0,0],"price":500},
{"id":82,"atypeId":1,"description":"[Accesorio] Un anillo que aumenta el ataque mágico.","etypeId":5,"traits":[{"code":22,"dataId":1,"value":0}],"iconIndex":145,"name":"Anillo mágico","note":"","params":[0,0,0,0,10,10,0,0],"price":1000},
{"id":83,"atypeId":1,"description":"[Accesorio] Un amuleto que aumenta la puntería de los\nataques.","etypeId":5,"traits":[{"code":22,"dataId":1,"value":0},{"code":22,"dataId":0,"value":1.5}],"iconIndex":147,"name":"Piedra certera","note":"","params":[0,0,0,0,0,0,0,0],"price":500},
{"id":84,"atypeId":1,"description":"[Accesorio] Un anillo que aumenta la puntería de los\nataques.","etypeId":5,"traits":[{"code":22,"dataId":1,"value":0},{"code":22,"dataId":0,"value":2}],"iconIndex":145,"name":"Anillo certero","note":"","params":[0,0,0,0,0,0,0,0],"price":100},
{"id":85,"atypeId":1,"description":"[Accesorio] Un anillo que reduce un 20 % el coste de\nlos PM.","etypeId":5,"traits":[{"code":22,"dataId":1,"value":0},{"code":23,"dataId":4,"value":0.8}],"iconIndex":147,"name":"Piedra maestra","note":"","params":[0,0,0,0,0,0,0,0],"price":500},
{"id":86,"atypeId":1,"description":"[Accesorio] Un anillo que reduce un 50 % el coste de\nlos PM.","etypeId":5,"traits":[{"code":22,"dataId":1,"value":0},{"code":23,"dataId":4,"value":0.5}],"iconIndex":145,"name":"Anillo maestro","note":"","params":[0,0,0,0,0,0,0,0],"price":1000},
{"id":87,"atypeId":0,"description":"","etypeId":2,"traits":[{"code":22,"dataId":1,"value":0}],"iconIndex":0,"name":"","note":"","params":[0,0,0,0,0,0,0,0],"price":0},
{"id":88,"atypeId":1,"description":"[Accesorio] Un anillo que ayuda a evitar los estados\nde envenenamiento y parálisis.","etypeId":5,"traits":[{"code":22,"dataId":1,"value":0},{"code":13,"dataId":4,"value":0.6},{"code":13,"dataId":12,"value":0.6},{"code":13,"dataId":17,"value":0.6}],"iconIndex":145,"name":"Guardián del veneno","note":"","params":[0,0,0,1,0,0,0,0],"price":300},
{"id":89,"atypeId":1,"description":"[Accesorio] Un anillo que evita por completo los\nestados de envenenamiento y parálisis.","etypeId":5,"traits":[{"code":22,"dataId":1,"value":0},{"code":14,"dataId":4,"value":1},{"code":14,"dataId":12,"value":1},{"code":14,"dataId":17,"value":1}],"iconIndex":145,"name":"Superguardián del veneno","note":"","params":[0,0,0,5,0,0,0,0],"price":3000},
{"id":90,"atypeId":0,"description":"","etypeId":2,"traits":[{"code":22,"dataId":1,"value":0}],"iconIndex":0,"name":"","note":"","params":[0,0,0,0,0,0,0,0],"price":0},
{"id":91,"atypeId":1,"description":"[Accesorio] Un anillo que ayuda a evitar los estados\nde sueño, silencio, confusión, fascinación y locura.","etypeId":5,"traits":[{"code":22,"dataId":1,"value":0},{"code":13,"dataId":6,"value":0.6},{"code":13,"dataId":7,"value":0.6},{"code":13,"dataId":9,"value":0.6},{"code":13,"dataId":10,"value":0.6},{"code":13,"dataId":8,"value":0.6}],"iconIndex":145,"name":"Guardián mental","note":"","params":[0,0,0,1,0,0,0,0],"price":500},
{"id":92,"atypeId":1,"description":"[Accesorio] Un anillo que evita por completo los\nestados de sueño, silencio, confusión, fascinación y locura.","etypeId":5,"traits":[{"code":22,"dataId":1,"value":0},{"code":14,"dataId":6,"value":1},{"code":14,"dataId":8,"value":1},{"code":14,"dataId":7,"value":1},{"code":14,"dataId":9,"value":1},{"code":14,"dataId":10,"value":1}],"iconIndex":145,"name":"Superguardián mental","note":"","params":[0,0,0,1,0,0,0,0],"price":5000},
{"id":93,"atypeId":0,"description":"","etypeId":2,"traits":[{"code":22,"dataId":1,"value":0}],"iconIndex":0,"name":"","note":"","params":[0,0,0,0,0,0,0,0],"price":0},
{"id":94,"atypeId":1,"description":"[Accesorio] Aumenta la posibilidad de lanzar un\nataque inicial.","etypeId":5,"traits":[{"code":22,"dataId":1,"value":0},{"code":64,"dataId":3,"value":1}],"iconIndex":147,"name":"Radar enemigo","note":"","params":[0,0,0,0,0,0,0,0],"price":1000},
{"id":95,"atypeId":1,"description":"[Accesorio] Evita los ataques sorpresa.","etypeId":5,"traits":[{"code":22,"dataId":1,"value":0},{"code":64,"dataId":2,"value":1}],"iconIndex":205,"name":"Señal de alarma","note":"","params":[0,0,0,0,0,0,0,0],"price":1000},
{"id":96,"atypeId":1,"description":"[Accesorio] Permite llevarse los PT a la siguiente\nbatalla.","etypeId":5,"traits":[{"code":22,"dataId":1,"value":0},{"code":62,"dataId":3,"value":1}],"iconIndex":144,"name":"Almacenador","note":"","params":[0,0,0,0,0,0,0,0],"price":1000},
{"id":97,"atypeId":1,"description":"[Accesorio] Aumenta la tasa de carga de PT.","etypeId":5,"traits":[{"code":22,"dataId":1,"value":0},{"code":23,"dataId":5,"value":2}],"iconIndex":145,"name":"Anillo de coraje","note":"","params":[0,0,0,0,0,0,0,0],"price":1000},
{"id":98,"atypeId":1,"description":"[Accesorio] Reduce la tasa de coste de PM.","etypeId":5,"traits":[{"code":22,"dataId":1,"value":0},{"code":23,"dataId":4,"value":0.5}],"iconIndex":144,"name":"Custodio de PM","note":"","params":[0,0,0,0,0,0,0,0],"price":1000},
{"id":99,"atypeId":1,"description":"[Accesorio] Reduce a la mitad el daño infligido por\nfuego, agua, viento y tierra.","etypeId":5,"traits":[{"code":22,"dataId":1,"value":0},{"code":11,"dataId":2,"value":0.5},{"code":11,"dataId":5,"value":0.5},{"code":11,"dataId":6,"value":0.5},{"code":11,"dataId":7,"value":0.5}],"iconIndex":145,"name":"Guardián elemental","note":"","params":[0,0,0,0,0,0,0,0],"price":1000},
{"id":100,"atypeId":1,"description":"[Accesorio] Agudiza la vista y aumenta la puntería.","etypeId":5,"traits":[{"code":22,"dataId":1,"value":0},{"code":22,"dataId":0,"value":0.5}],"iconIndex":151,"name":"Anteojos","note":"","params":[0,0,0,0,0,0,0,0],"price":500}
]