[
null,
{"id":1,"actions":[{"conditionParam1":0,"conditionParam2":0,"conditionType":0,"rating":5,"skillId":1},{"skillId":20,"rating":5,"conditionType":0,"conditionParam1":0,"conditionParam2":0}],"battlerHue":0,"battlerName":"Goblin","dropItems":[{"kind":1,"dataId":7,"denominator":10},{"kind":2,"dataId":1,"denominator":20},{"kind":3,"dataId":2,"denominator":8}],"exp":10,"traits":[{"code":22,"dataId":0,"value":0.95},{"code":22,"dataId":1,"value":0.05},{"code":31,"dataId":1,"value":0}],"gold":5,"name":"Duende","note":"","params":[200,0,25,20,20,20,20,20]},
{"id":2,"actions":[{"conditionParam1":0,"conditionParam2":0,"conditionType":0,"rating":5,"skillId":1},{"skillId":23,"rating":3,"conditionType":1,"conditionParam1":0,"conditionParam2":2}],"battlerHue":0,"battlerName":"Gnome","dropItems":[{"kind":1,"dataId":10,"denominator":8},{"kind":1,"dataId":13,"denominator":6},{"dataId":1,"denominator":1,"kind":0}],"exp":10,"traits":[{"code":22,"dataId":0,"value":0.95},{"code":22,"dataId":1,"value":0.05},{"code":31,"dataId":1,"value":0}],"gold":8,"name":"Gnomo","note":"","params":[250,0,20,25,20,20,20,20]},
{"id":3,"actions":[{"conditionParam1":0,"conditionParam2":0,"conditionType":0,"rating":5,"skillId":1}],"battlerHue":0,"battlerName":"Crow","dropItems":[{"dataId":1,"denominator":1,"kind":0},{"dataId":1,"denominator":1,"kind":0},{"dataId":1,"denominator":1,"kind":0}],"exp":15,"traits":[{"code":22,"dataId":0,"value":0.95},{"code":22,"dataId":1,"value":0.1},{"code":31,"dataId":1,"value":0}],"gold":8,"name":"Cuervo","note":"","params":[250,50,25,20,20,20,25,20]},
{"id":4,"actions":[{"skillId":1,"rating":9,"conditionType":0,"conditionParam1":0,"conditionParam2":0},{"skillId":52,"rating":4,"conditionType":2,"conditionParam1":0,"conditionParam2":0.3},{"skillId":39,"rating":3,"conditionType":0,"conditionParam1":0,"conditionParam2":0}],"battlerHue":0,"battlerName":"Treant","dropItems":[{"kind":2,"dataId":3,"denominator":10},{"kind":3,"dataId":15,"denominator":10},{"kind":1,"dataId":23,"denominator":30}],"exp":60,"traits":[{"code":22,"dataId":0,"value":0.95},{"code":22,"dataId":1,"value":0.05},{"code":31,"dataId":1,"value":0},{"code":11,"dataId":2,"value":2}],"gold":15,"name":"Treant","note":"","params":[1000,50,50,30,70,40,30,40]},
{"id":5,"actions":[{"conditionParam1":0,"conditionParam2":0,"conditionType":0,"rating":5,"skillId":1},{"skillId":99,"rating":4,"conditionType":1,"conditionParam1":0,"conditionParam2":2},{"skillId":13,"rating":6,"conditionType":2,"conditionParam1":0,"conditionParam2":0.3}],"battlerHue":0,"battlerName":"Hi_monster","dropItems":[{"dataId":1,"denominator":1,"kind":0},{"dataId":1,"denominator":1,"kind":0},{"dataId":1,"denominator":1,"kind":0}],"exp":100,"traits":[{"code":22,"dataId":0,"value":0.95},{"code":22,"dataId":1,"value":0.05},{"code":31,"dataId":1,"value":0},{"code":63,"dataId":1,"value":1}],"gold":50,"name":"Cíclope","note":"","params":[1000,50,40,20,40,40,40,40]},
{"id":6,"actions":[{"conditionParam1":0,"conditionParam2":0,"conditionType":0,"rating":5,"skillId":1},{"skillId":13,"rating":2,"conditionType":0,"conditionParam1":0,"conditionParam2":0},{"skillId":203,"rating":1,"conditionType":2,"conditionParam1":0,"conditionParam2":0.5}],"battlerHue":193,"battlerName":"SF_Wolf","dropItems":[{"kind":3,"dataId":3,"denominator":10},{"kind":1,"dataId":7,"denominator":6},{"kind":2,"dataId":2,"denominator":15}],"exp":50,"traits":[{"code":22,"dataId":0,"value":0.95},{"code":22,"dataId":1,"value":0.05},{"code":31,"dataId":1,"value":0}],"gold":30,"name":"Lobo","note":"","params":[600,0,25,20,10,15,30,10]},
{"id":7,"actions":[{"conditionParam1":0,"conditionParam2":0,"conditionType":0,"rating":5,"skillId":1}],"battlerHue":0,"battlerName":"SF_Shadow","dropItems":[{"kind":1,"dataId":10,"denominator":7},{"dataId":1,"denominator":1,"kind":0},{"dataId":1,"denominator":1,"kind":0}],"exp":100,"traits":[{"code":22,"dataId":0,"value":0.95},{"code":22,"dataId":1,"value":0.05},{"code":31,"dataId":1,"value":0}],"gold":50,"name":"Sombra","note":"","params":[1000,0,50,30,25,50,30,15]}
]