[
null,
{"id":1,"animationId":0,"consumable":true,"damage":{"critical":false,"elementId":0,"formula":"0","type":0,"variance":20},"description":"Abajo tienes espacios para cuando quieras mostrar\notros objetos sobre los objetos de recuperacion.","effects":[],"hitType":0,"iconIndex":0,"itypeId":1,"name":"-----Reservado","note":"","occasion":3,"price":0,"repeats":1,"scope":7,"speed":0,"successRate":100,"tpGain":0},
{"id":2,"animationId":0,"consumable":true,"damage":{"critical":false,"elementId":0,"formula":"0","type":0,"variance":20},"description":"","effects":[],"hitType":0,"iconIndex":0,"itypeId":1,"name":"","note":"","occasion":0,"price":0,"repeats":1,"scope":7,"speed":0,"successRate":100,"tpGain":0},
{"id":3,"animationId":0,"consumable":true,"damage":{"critical":false,"elementId":0,"formula":"0","type":0,"variance":20},"description":"","effects":[],"hitType":0,"iconIndex":0,"itypeId":1,"name":"","note":"","occasion":0,"price":0,"repeats":1,"scope":7,"speed":0,"successRate":100,"tpGain":0},
{"id":4,"animationId":0,"consumable":true,"damage":{"critical":false,"elementId":0,"formula":"0","type":0,"variance":20},"description":"","effects":[],"hitType":0,"iconIndex":0,"itypeId":1,"name":"","note":"","occasion":0,"price":0,"repeats":1,"scope":7,"speed":0,"successRate":100,"tpGain":0},
{"id":5,"animationId":0,"consumable":true,"damage":{"critical":false,"elementId":0,"formula":"0","type":0,"variance":20},"description":"","effects":[],"hitType":0,"iconIndex":0,"itypeId":1,"name":"","note":"","occasion":0,"price":0,"repeats":1,"scope":7,"speed":0,"successRate":100,"tpGain":0},
{"id":6,"animationId":0,"consumable":true,"damage":{"critical":false,"elementId":0,"formula":"0","type":0,"variance":20},"description":"","effects":[],"hitType":0,"iconIndex":0,"itypeId":1,"name":"-----Objetos de recuperación","note":"","occasion":3,"price":0,"repeats":1,"scope":7,"speed":0,"successRate":100,"tpGain":0},
{"id":7,"animationId":41,"consumable":true,"damage":{"critical":false,"elementId":0,"formula":"0","type":0,"variance":20},"description":"Recupera 500 PV.","effects":[{"code":11,"dataId":0,"value1":0,"value2":500}],"hitType":0,"iconIndex":176,"itypeId":1,"name":"Poción","note":"","occasion":0,"price":100,"repeats":1,"scope":7,"speed":0,"successRate":100,"tpGain":0},
{"id":8,"animationId":41,"consumable":true,"damage":{"critical":false,"elementId":0,"formula":"0","type":0,"variance":20},"description":"Recupera 1500 PV.","effects":[{"code":11,"dataId":0,"value1":0,"value2":1500}],"hitType":0,"iconIndex":176,"itypeId":1,"name":"Superpoción","note":"","occasion":0,"price":250,"repeats":1,"scope":7,"speed":0,"successRate":100,"tpGain":0},
{"id":9,"animationId":41,"consumable":true,"damage":{"critical":false,"elementId":0,"formula":"0","type":0,"variance":20},"description":"Recupera los PV por completo.","effects":[{"code":11,"dataId":0,"value1":1,"value2":0}],"hitType":0,"iconIndex":176,"itypeId":1,"name":"Poción completa","note":"","occasion":0,"price":550,"repeats":1,"scope":7,"speed":0,"successRate":100,"tpGain":0},
{"id":10,"animationId":41,"consumable":true,"damage":{"critical":false,"elementId":0,"formula":"0","type":0,"variance":20},"description":"Recupera 300 PM.","effects":[{"code":12,"dataId":0,"value1":0,"value2":300}],"hitType":0,"iconIndex":176,"itypeId":1,"name":"Agua mágica","note":"","occasion":0,"price":300,"repeats":1,"scope":7,"speed":0,"successRate":100,"tpGain":0},
{"id":11,"animationId":49,"consumable":true,"damage":{"critical":false,"elementId":0,"formula":"b.mhp / 2","type":3,"variance":20},"description":"Resucita al usuario de entre los muertos (recupera la\nmitad de los PV).","effects":[{"code":22,"dataId":1,"value1":1,"value2":0}],"hitType":0,"iconIndex":176,"itypeId":1,"name":"Estimulante","note":"","occasion":0,"price":500,"repeats":1,"scope":9,"speed":0,"successRate":100,"tpGain":0},
{"id":12,"animationId":46,"consumable":true,"damage":{"critical":false,"elementId":0,"formula":"0","type":0,"variance":20},"description":"Cura la alteración de los estados del usuario, excepto\nla muerte.","effects":[{"code":22,"dataId":4,"value1":1,"value2":0},{"code":22,"dataId":5,"value1":1,"value2":0},{"code":22,"dataId":6,"value1":1,"value2":0},{"code":22,"dataId":7,"value1":1,"value2":0},{"code":22,"dataId":8,"value1":1,"value2":0},{"code":22,"dataId":9,"value1":1,"value2":0},{"code":22,"dataId":10,"value1":1,"value2":0},{"code":22,"dataId":13,"value1":1,"value2":0},{"code":22,"dataId":12,"value1":1,"value2":0}],"hitType":0,"iconIndex":176,"itypeId":1,"name":"Hierba disipadora","note":"","occasion":0,"price":200,"repeats":1,"scope":7,"speed":0,"successRate":100,"tpGain":0},
{"id":13,"animationId":45,"consumable":true,"damage":{"critical":false,"elementId":0,"formula":"0","type":0,"variance":20},"description":"Cura los estados de envenenamiento o parálisis.","effects":[{"code":22,"dataId":4,"value1":1,"value2":0},{"code":22,"dataId":12,"value1":1,"value2":0}],"hitType":0,"iconIndex":176,"itypeId":1,"name":"Antídoto","note":"","occasion":0,"price":80,"repeats":1,"scope":7,"speed":0,"successRate":100,"tpGain":0},
{"id":14,"animationId":41,"consumable":true,"damage":{"critical":false,"elementId":0,"formula":"0","type":0,"variance":20},"description":"Recupera la mitad de los PV y de los PM.","effects":[{"code":11,"dataId":0,"value1":0.5,"value2":0},{"code":12,"dataId":0,"value1":0.5,"value2":0}],"hitType":0,"iconIndex":176,"itypeId":1,"name":"Brebaje milagroso","note":"","occasion":0,"price":450,"repeats":1,"scope":7,"speed":0,"successRate":100,"tpGain":0},
{"id":15,"animationId":41,"consumable":true,"damage":{"critical":false,"elementId":0,"formula":"0","type":0,"variance":20},"description":"Recupera por completo los PV y los PM.","effects":[{"code":11,"dataId":0,"value1":1,"value2":0},{"code":12,"dataId":0,"value1":1,"value2":0}],"hitType":0,"iconIndex":176,"itypeId":1,"name":"Elixir","note":"","occasion":0,"price":1200,"repeats":1,"scope":7,"speed":0,"successRate":100,"tpGain":0},
{"id":16,"animationId":0,"consumable":true,"damage":{"critical":false,"elementId":0,"formula":"0","type":0,"variance":20},"description":"","effects":[],"hitType":0,"iconIndex":0,"itypeId":1,"name":"","note":"","occasion":0,"price":0,"repeats":1,"scope":7,"speed":0,"successRate":100,"tpGain":0},
{"id":17,"animationId":0,"consumable":true,"damage":{"critical":false,"elementId":0,"formula":"0","type":0,"variance":20},"description":"","effects":[],"hitType":0,"iconIndex":0,"itypeId":1,"name":"-----Objetos especiales","note":"","occasion":3,"price":0,"repeats":1,"scope":7,"speed":0,"successRate":100,"tpGain":0},
{"id":18,"animationId":51,"consumable":true,"damage":{"critical":false,"elementId":0,"formula":"0","type":0,"variance":20},"description":"Reduce temporalmente a la mitad el número de\nencuentros con el enemigo.","effects":[{"code":21,"dataId":29,"value1":1,"value2":0}],"hitType":0,"iconIndex":176,"itypeId":1,"name":"Reductor de encuentros","note":"","occasion":2,"price":100,"repeats":1,"scope":11,"speed":0,"successRate":100,"tpGain":0},
{"id":19,"animationId":51,"consumable":true,"damage":{"critical":false,"elementId":0,"formula":"0","type":0,"variance":20},"description":"Aumenta temporalmente la cantidad de objetos y dinero\nobtenidos en combate.","effects":[{"code":21,"dataId":30,"value1":1,"value2":0}],"hitType":0,"iconIndex":176,"itypeId":1,"name":"Aumentador de objetos","note":"","occasion":0,"price":300,"repeats":1,"scope":11,"speed":0,"successRate":100,"tpGain":0},
{"id":20,"animationId":0,"consumable":true,"damage":{"critical":false,"elementId":0,"formula":"0","type":0,"variance":20},"description":"","effects":[],"hitType":0,"iconIndex":0,"itypeId":1,"name":"","note":"","occasion":0,"price":0,"repeats":1,"scope":7,"speed":0,"successRate":100,"tpGain":0},
{"id":21,"animationId":0,"consumable":true,"damage":{"critical":false,"elementId":0,"formula":"0","type":0,"variance":20},"description":"","effects":[],"hitType":0,"iconIndex":0,"itypeId":1,"name":"","note":"","occasion":0,"price":0,"repeats":1,"scope":7,"speed":0,"successRate":100,"tpGain":0},
{"id":22,"animationId":0,"consumable":true,"damage":{"critical":false,"elementId":0,"formula":"0","type":0,"variance":20},"description":"","effects":[],"hitType":0,"iconIndex":0,"itypeId":1,"name":"-----Objetos de mejora","note":"","occasion":3,"price":0,"repeats":1,"scope":7,"speed":0,"successRate":100,"tpGain":0},
{"id":23,"animationId":51,"consumable":true,"damage":{"critical":false,"elementId":0,"formula":"0","type":0,"variance":20},"description":"Aumenta 50 puntos los PV máximos.","effects":[{"code":42,"dataId":0,"value1":50,"value2":0}],"hitType":0,"iconIndex":32,"itypeId":1,"name":"Aumento de PV","note":"","occasion":2,"price":3000,"repeats":1,"scope":7,"speed":0,"successRate":100,"tpGain":0},
{"id":24,"animationId":51,"consumable":true,"damage":{"critical":false,"elementId":0,"formula":"0","type":0,"variance":20},"description":"Aumenta 10 puntos los PM máximos.","effects":[{"code":42,"dataId":1,"value1":10,"value2":0}],"hitType":0,"iconIndex":33,"itypeId":1,"name":"Aumento de PM","note":"","occasion":2,"price":3000,"repeats":1,"scope":7,"speed":0,"successRate":100,"tpGain":0},
{"id":25,"animationId":51,"consumable":true,"damage":{"critical":false,"elementId":0,"formula":"0","type":0,"variance":20},"description":"Aumenta 3 puntos el ataque.","effects":[{"code":42,"dataId":2,"value1":3,"value2":0}],"hitType":0,"iconIndex":34,"itypeId":1,"name":"Aumento de ataque","note":"","occasion":2,"price":3000,"repeats":1,"scope":7,"speed":0,"successRate":100,"tpGain":0},
{"id":26,"animationId":51,"consumable":true,"damage":{"critical":false,"elementId":0,"formula":"0","type":0,"variance":20},"description":"Aumenta 3 puntos la defensa.","effects":[{"code":42,"dataId":3,"value1":3,"value2":0}],"hitType":0,"iconIndex":35,"itypeId":1,"name":"Aumento de defensa","note":"","occasion":2,"price":3000,"repeats":1,"scope":7,"speed":0,"successRate":100,"tpGain":0},
{"id":27,"animationId":51,"consumable":true,"damage":{"critical":false,"elementId":0,"formula":"0","type":0,"variance":20},"description":"Aumenta 3 puntos el ataque mágico.","effects":[{"code":42,"dataId":4,"value1":3,"value2":0}],"hitType":0,"iconIndex":36,"itypeId":1,"name":"Aumento de magia","note":"","occasion":2,"price":3000,"repeats":1,"scope":7,"speed":0,"successRate":100,"tpGain":0},
{"id":28,"animationId":51,"consumable":true,"damage":{"critical":false,"elementId":0,"formula":"0","type":0,"variance":20},"description":"Aumenta 3 puntos la defensa mágica.","effects":[{"code":42,"dataId":5,"value1":3,"value2":0}],"hitType":0,"iconIndex":37,"itypeId":1,"name":"Aumento de resistencia","note":"","occasion":2,"price":3000,"repeats":1,"scope":7,"speed":0,"successRate":100,"tpGain":0},
{"id":29,"animationId":51,"consumable":true,"damage":{"critical":false,"elementId":0,"formula":"0","type":0,"variance":20},"description":"Aumenta 3 puntos la agilidad.","effects":[{"code":42,"dataId":6,"value1":3,"value2":0}],"hitType":0,"iconIndex":38,"itypeId":1,"name":"Aumento de agilidad","note":"","occasion":2,"price":3000,"repeats":1,"scope":7,"speed":0,"successRate":100,"tpGain":0},
{"id":30,"animationId":51,"consumable":true,"damage":{"critical":false,"elementId":0,"formula":"0","type":0,"variance":20},"description":"Aumenta 3 puntos la suerte.","effects":[{"code":42,"dataId":7,"value1":3,"value2":0}],"hitType":0,"iconIndex":39,"itypeId":1,"name":"Aumento de suerte","note":"","occasion":2,"price":3000,"repeats":1,"scope":7,"speed":0,"successRate":100,"tpGain":0}
]