[
null,
{"id":1,"expanded":true,"name":"Mundo 2","order":12,"parentId":0,"scrollX":2293.2,"scrollY":2286},
{"id":2,"expanded":false,"name":"Casa 1","order":2,"parentId":3,"scrollX":579.2727272727273,"scrollY":345.8181818181818},
{"id":3,"expanded":true,"name":"Ciudad forestal","order":1,"parentId":0,"scrollX":812.7272727272727,"scrollY":1030.909090909091},
{"id":4,"expanded":false,"name":"Cueva de piedra","order":13,"parentId":1,"scrollX":708,"scrollY":1390.8},
{"id":5,"expanded":false,"name":"Posada (Piso 1)","order":3,"parentId":3,"scrollX":637.1999999999999,"scrollY":642},
{"id":6,"expanded":false,"name":"Posada (Piso 2)","order":4,"parentId":5,"scrollX":637.1999999999999,"scrollY":505.2},
{"id":7,"expanded":false,"name":"Bosque","order":5,"parentId":3,"scrollX":816,"scrollY":1554},
{"id":8,"expanded":false,"name":"Bosque laberíntico","order":6,"parentId":3,"scrollX":816,"scrollY":1222.909090909091},
{"id":9,"expanded":false,"name":"bosqueMarron","order":7,"parentId":3,"scrollX":579.2727272727273,"scrollY":372},
{"id":10,"expanded":false,"name":"Pueblo de fantasma","order":8,"parentId":3,"scrollX":816,"scrollY":640},
{"id":11,"expanded":true,"name":"Ciudad abandonada","order":9,"parentId":3,"scrollX":812.7272727272727,"scrollY":1183.6363636363637},
{"id":12,"expanded":false,"name":"Casa de clase alta (Piso 1)","order":10,"parentId":11,"scrollX":579.2727272727273,"scrollY":398.1818181818182},
{"id":13,"expanded":false,"name":"Casa de clase alta (Piso 2)","order":11,"parentId":11,"scrollX":579.2727272727273,"scrollY":518.1818181818182}
]