[
null,
{"id":1,"autoRemovalTiming":0,"chanceByDamage":100,"iconIndex":1,"maxTurns":1,"message1":"¡%1 ha caído!","message2":"¡%1 ha sido derrotado!","message3":"","message4":"¡%1 resucita!","minTurns":1,"motion":3,"name":"Muerte","note":"El estado 0001 ocurre cuando los PV sean 0.","overlay":0,"priority":100,"releaseByDamage":false,"removeAtBattleEnd":false,"removeByDamage":false,"removeByRestriction":false,"removeByWalking":false,"restriction":4,"stepsToRemove":100,"traits":[{"code":23,"dataId":9,"value":0}],"messageType":1},
{"id":2,"autoRemovalTiming":2,"chanceByDamage":100,"iconIndex":0,"maxTurns":1,"message1":"","message2":"","message3":"","message4":"","minTurns":1,"motion":0,"name":"Defensa","note":"","overlay":0,"priority":0,"removeAtBattleEnd":true,"removeByDamage":false,"removeByRestriction":true,"removeByWalking":false,"restriction":0,"stepsToRemove":100,"traits":[{"code":62,"dataId":1,"value":0}],"messageType":1},
{"id":3,"autoRemovalTiming":0,"chanceByDamage":100,"iconIndex":0,"maxTurns":1,"message1":"","message2":"","message3":"","message4":"","minTurns":1,"motion":0,"name":"Inmortal","note":"","overlay":0,"priority":0,"removeAtBattleEnd":true,"removeByDamage":false,"removeByRestriction":false,"removeByWalking":false,"restriction":0,"stepsToRemove":100,"traits":[{"code":14,"dataId":1,"value":0}],"messageType":1},
{"id":4,"autoRemovalTiming":0,"chanceByDamage":100,"iconIndex":2,"maxTurns":1,"message1":"¡%1 está envenenado!","message2":"¡%1 está envenenado!","message3":"","message4":"¡%1 ya no está envenenado!","minTurns":1,"motion":1,"overlay":1,"name":"Veneno","note":"","priority":50,"releaseByDamage":false,"removeAtBattleEnd":false,"removeByDamage":false,"removeByRestriction":false,"removeByWalking":false,"restriction":0,"stepsToRemove":100,"traits":[{"code":22,"dataId":7,"value":-0.1}],"messageType":1},
{"id":5,"autoRemovalTiming":1,"chanceByDamage":100,"iconIndex":3,"maxTurns":5,"message1":"¡%1 está ciego!","message2":"¡%1 está ciego!","message3":"","message4":"¡%1 ya no está ciego!","minTurns":3,"motion":1,"name":"Ceguera","note":"","overlay":2,"priority":60,"releaseByDamage":false,"removeAtBattleEnd":true,"removeByDamage":false,"removeByRestriction":false,"removeByWalking":false,"restriction":0,"stepsToRemove":100,"traits":[{"code":22,"dataId":0,"value":-0.5}],"messageType":1},
{"id":6,"autoRemovalTiming":1,"chanceByDamage":100,"iconIndex":4,"maxTurns":5,"message1":"¡%1 está mudo!","message2":"¡%1 está mudo!","message3":"","message4":"¡%1 ya no está mudo!","minTurns":3,"motion":1,"name":"Mudez","note":"","overlay":3,"priority":65,"releaseByDamage":false,"removeAtBattleEnd":true,"removeByDamage":false,"removeByRestriction":false,"removeByWalking":false,"restriction":0,"stepsToRemove":100,"traits":[{"code":42,"dataId":1,"value":0}],"messageType":1},
{"id":7,"autoRemovalTiming":1,"chanceByDamage":50,"iconIndex":5,"maxTurns":4,"message1":"¡%1 se ha vuelto loco!","message2":"¡%1 se ha vuelto loco!","message3":"","message4":"¡%1 ya no está loco!","minTurns":2,"motion":1,"name":"Locura","note":"","overlay":4,"priority":70,"releaseByDamage":false,"removeAtBattleEnd":true,"removeByDamage":true,"removeByRestriction":false,"removeByWalking":false,"restriction":1,"stepsToRemove":100,"traits":[],"messageType":1},
{"id":8,"autoRemovalTiming":1,"chanceByDamage":50,"iconIndex":6,"maxTurns":4,"message1":"¡%1 está confuso!","message2":"¡%1 está confuso!","message3":"","message4":"¡%1 ya no está confuso!","minTurns":2,"motion":1,"name":"Confusión","note":"","overlay":5,"priority":75,"releaseByDamage":false,"removeAtBattleEnd":true,"removeByDamage":true,"removeByRestriction":false,"removeByWalking":false,"restriction":2,"stepsToRemove":100,"traits":[],"messageType":1},
{"id":9,"autoRemovalTiming":1,"chanceByDamage":50,"iconIndex":7,"maxTurns":4,"message1":"¡%1 está fascinado!","message2":"¡%1 está fascinado!","message3":"","message4":"¡%1 ya no está fascinado!","minTurns":2,"motion":1,"name":"Fascinación","note":"","overlay":6,"priority":80,"releaseByDamage":false,"removeAtBattleEnd":true,"removeByDamage":true,"removeByRestriction":false,"removeByWalking":false,"restriction":3,"stepsToRemove":100,"traits":[],"messageType":1},
{"id":10,"autoRemovalTiming":1,"chanceByDamage":100,"iconIndex":8,"maxTurns":5,"message1":"¡%1 se ha dormido!","message2":"¡%1 se ha dormido!","message3":"%1 está durmiendo.","message4":"¡%1 ha despertado!","minTurns":3,"motion":2,"name":"Sueño","note":"","overlay":7,"priority":90,"releaseByDamage":true,"removeAtBattleEnd":true,"removeByDamage":true,"removeByRestriction":false,"removeByWalking":false,"restriction":4,"stepsToRemove":100,"traits":[{"code":22,"dataId":1,"value":-1}],"messageType":1},
{"id":11,"autoRemovalTiming":0,"chanceByDamage":100,"traits":[],"iconIndex":0,"maxTurns":1,"message1":"","message2":"","message3":"","message4":"","minTurns":1,"motion":0,"name":"","note":"","overlay":0,"priority":50,"removeAtBattleEnd":false,"removeByDamage":false,"removeByRestriction":false,"removeByWalking":false,"restriction":0,"stepsToRemove":100,"messageType":1},
{"id":12,"autoRemovalTiming":2,"chanceByDamage":100,"traits":[{"code":22,"dataId":1,"value":-1}],"iconIndex":9,"maxTurns":3,"message1":"¡%1 está paralizado y no se puede mover!","message2":"¡%1 está paralizado!","message3":"¡%1 está paralizado y no se puede mover!","message4":"¡%1 ya no está paralizado!","minTurns":3,"motion":2,"name":"Parálisis","note":"","overlay":8,"priority":95,"removeAtBattleEnd":true,"removeByDamage":false,"removeByRestriction":false,"removeByWalking":false,"restriction":4,"stepsToRemove":100,"messageType":1},
{"id":13,"autoRemovalTiming":2,"chanceByDamage":100,"traits":[{"code":22,"dataId":1,"value":-1}],"iconIndex":9,"maxTurns":2,"message1":"¡%1 ha perdido el equilibrio!","message2":"¡%1 ha perdido el equilibrio!","message3":"%1 no recupera el equilibrio...","message4":"¡%1 ha recuperado el equilibrio!","minTurns":1,"motion":1,"name":"Aturdimiento","note":"","overlay":10,"priority":90,"removeAtBattleEnd":true,"removeByDamage":false,"removeByRestriction":false,"removeByWalking":false,"restriction":4,"stepsToRemove":100,"messageType":1},
{"id":14,"autoRemovalTiming":0,"chanceByDamage":100,"traits":[],"iconIndex":0,"maxTurns":1,"message1":"","message2":"","message3":"","message4":"","minTurns":1,"motion":0,"name":"","note":"","overlay":0,"priority":50,"removeAtBattleEnd":false,"removeByDamage":false,"removeByRestriction":false,"removeByWalking":false,"restriction":0,"stepsToRemove":100,"messageType":1},
{"id":15,"autoRemovalTiming":2,"chanceByDamage":100,"traits":[{"code":22,"dataId":7,"value":0.1}],"iconIndex":72,"maxTurns":4,"message1":"","message2":"","message3":"","message4":"","minTurns":4,"motion":0,"name":"Regeneración de PV","note":"","overlay":0,"priority":40,"removeAtBattleEnd":true,"removeByDamage":false,"removeByRestriction":false,"removeByWalking":false,"restriction":0,"stepsToRemove":100,"messageType":1},
{"id":16,"autoRemovalTiming":2,"chanceByDamage":100,"traits":[{"code":22,"dataId":8,"value":0.1}],"iconIndex":72,"maxTurns":4,"message1":"","message2":"","message3":"","message4":"","minTurns":4,"motion":0,"name":"Regeneración de PM","note":"","overlay":0,"priority":40,"removeAtBattleEnd":true,"removeByDamage":false,"removeByRestriction":false,"removeByWalking":false,"restriction":0,"stepsToRemove":100,"messageType":1},
{"id":17,"autoRemovalTiming":2,"chanceByDamage":100,"traits":[{"code":22,"dataId":9,"value":0.1}],"iconIndex":72,"maxTurns":4,"message1":"","message2":"","message3":"","message4":"","minTurns":4,"motion":0,"name":"Regeneración de PT","note":"","overlay":0,"priority":40,"removeAtBattleEnd":true,"removeByDamage":false,"removeByRestriction":false,"removeByWalking":false,"restriction":0,"stepsToRemove":100,"messageType":1},
{"id":18,"autoRemovalTiming":2,"chanceByDamage":100,"traits":[{"code":22,"dataId":5,"value":1}],"iconIndex":70,"maxTurns":5,"message1":"","message2":"","message3":"","message4":"","minTurns":5,"motion":0,"name":"Reflejo mágico","note":"","overlay":0,"priority":40,"removeAtBattleEnd":true,"removeByDamage":false,"removeByRestriction":false,"removeByWalking":false,"restriction":0,"stepsToRemove":100,"messageType":1},
{"id":19,"autoRemovalTiming":2,"chanceByDamage":100,"traits":[{"code":62,"dataId":2,"value":1}],"iconIndex":81,"maxTurns":1,"message1":"","message2":"","message3":"","message4":"","minTurns":1,"motion":0,"name":"Protección","note":"","overlay":0,"priority":40,"removeAtBattleEnd":true,"removeByDamage":false,"removeByRestriction":true,"removeByWalking":false,"restriction":0,"stepsToRemove":100,"messageType":1},
{"id":20,"autoRemovalTiming":2,"chanceByDamage":100,"traits":[{"code":23,"dataId":0,"value":9}],"iconIndex":76,"maxTurns":5,"message1":"¡%1 es más fácil de acertar!","message2":"","message3":"","message4":"","minTurns":5,"motion":0,"name":"Provocación","note":"","overlay":0,"priority":40,"removeAtBattleEnd":true,"removeByDamage":false,"removeByRestriction":false,"removeByWalking":false,"restriction":0,"stepsToRemove":100,"messageType":1},
{"id":21,"autoRemovalTiming":2,"chanceByDamage":100,"traits":[{"code":23,"dataId":0,"value":0}],"iconIndex":81,"maxTurns":5,"message1":"¡%1 es más difícil de acertar!","message2":"","message3":"","message4":"","minTurns":5,"motion":0,"name":"Ocultar","note":"","overlay":0,"priority":40,"removeAtBattleEnd":true,"removeByDamage":false,"removeByRestriction":false,"removeByWalking":false,"restriction":0,"stepsToRemove":100,"messageType":1},
{"id":22,"autoRemovalTiming":1,"chanceByDamage":100,"traits":[{"code":22,"dataId":6,"value":1}],"iconIndex":77,"maxTurns":3,"message1":"","message2":"","message3":"","message4":"","minTurns":3,"motion":0,"name":"Contraataque","note":"","overlay":0,"priority":50,"removeAtBattleEnd":true,"removeByDamage":false,"removeByRestriction":true,"removeByWalking":false,"restriction":0,"stepsToRemove":100,"messageType":1},
{"id":23,"autoRemovalTiming":2,"chanceByDamage":100,"traits":[{"code":14,"dataId":4,"value":1},{"code":14,"dataId":5,"value":1},{"code":14,"dataId":6,"value":1},{"code":14,"dataId":7,"value":1},{"code":14,"dataId":8,"value":1},{"code":14,"dataId":9,"value":1},{"code":14,"dataId":10,"value":1},{"code":14,"dataId":12,"value":1},{"code":14,"dataId":13,"value":1}],"iconIndex":70,"maxTurns":5,"message1":"","message2":"","message3":"","message4":"","minTurns":5,"motion":0,"name":"Bloqueo de alteración de estados","note":"","overlay":0,"priority":50,"removeAtBattleEnd":true,"removeByDamage":false,"removeByRestriction":false,"removeByWalking":false,"restriction":0,"stepsToRemove":100,"messageType":1},
{"id":24,"autoRemovalTiming":2,"chanceByDamage":100,"traits":[{"code":23,"dataId":4,"value":0.25}],"iconIndex":70,"maxTurns":5,"message1":"","message2":"","message3":"","message4":"","minTurns":5,"motion":0,"name":"Reducir coste de PM","note":"","overlay":0,"priority":50,"removeAtBattleEnd":true,"removeByDamage":false,"removeByRestriction":false,"removeByWalking":false,"restriction":0,"stepsToRemove":100,"messageType":1},
{"id":25,"autoRemovalTiming":2,"chanceByDamage":100,"traits":[{"code":31,"dataId":2,"value":1},{"code":11,"dataId":2,"value":0.5},{"code":21,"dataId":2,"value":1.1}],"iconIndex":64,"maxTurns":5,"message1":"%1 ha sido engullido por la fuerza del fuego.","message2":"%1 ha sido engullido por la fuerza del fuego.","message3":"","message4":"","minTurns":5,"motion":0,"name":"Fuerza del fuego","note":"","overlay":0,"priority":50,"removeAtBattleEnd":true,"removeByDamage":false,"removeByRestriction":false,"removeByWalking":false,"restriction":0,"stepsToRemove":100,"messageType":1},
{"id":26,"autoRemovalTiming":2,"chanceByDamage":100,"traits":[{"code":31,"dataId":3,"value":1},{"code":11,"dataId":3,"value":0.5},{"code":21,"dataId":2,"value":1.1}],"iconIndex":65,"maxTurns":5,"message1":"%1 ha sido engullido por la fuerza del hielo.","message2":"%1 ha sido engullido por la fuerza del hielo.","message3":"","message4":"","minTurns":5,"motion":0,"name":"Fuerza del hielo","note":"","overlay":0,"priority":50,"removeAtBattleEnd":true,"removeByDamage":false,"removeByRestriction":false,"removeByWalking":false,"restriction":0,"stepsToRemove":100,"messageType":1},
{"id":27,"autoRemovalTiming":2,"chanceByDamage":100,"traits":[{"code":31,"dataId":4,"value":1},{"code":11,"dataId":4,"value":0.5},{"code":21,"dataId":2,"value":1.1}],"iconIndex":66,"maxTurns":5,"message1":"%1 ha sido engullido por la fuerza del rayo.","message2":"%1 ha sido engullido por la fuerza del rayo.","message3":"","message4":"","minTurns":5,"motion":0,"name":"Fuerza del rayo","note":"","overlay":0,"priority":50,"removeAtBattleEnd":true,"removeByDamage":false,"removeByRestriction":false,"removeByWalking":false,"restriction":0,"stepsToRemove":100,"messageType":1},
{"id":28,"autoRemovalTiming":0,"chanceByDamage":100,"traits":[],"iconIndex":0,"maxTurns":1,"message1":"","message2":"","message3":"","message4":"","minTurns":1,"motion":0,"name":"","note":"","overlay":0,"priority":50,"removeAtBattleEnd":false,"removeByDamage":false,"removeByRestriction":false,"removeByWalking":false,"restriction":0,"stepsToRemove":100,"messageType":1},
{"id":29,"autoRemovalTiming":0,"chanceByDamage":100,"traits":[{"code":64,"dataId":0,"value":1}],"iconIndex":72,"maxTurns":1,"message1":"","message2":"","message3":"","message4":"","minTurns":1,"motion":0,"name":"Mitad de encuentros","note":"","overlay":0,"priority":20,"removeAtBattleEnd":false,"removeByDamage":false,"removeByRestriction":false,"removeByWalking":true,"restriction":0,"stepsToRemove":100,"messageType":1},
{"id":30,"autoRemovalTiming":0,"chanceByDamage":100,"traits":[{"code":64,"dataId":4,"value":1},{"code":64,"dataId":5,"value":1}],"iconIndex":70,"maxTurns":1,"message1":"","message2":"","message3":"","message4":"","minTurns":1,"motion":0,"name":"Doble de dinero/objetos","note":"","overlay":0,"priority":20,"removeAtBattleEnd":false,"removeByDamage":false,"removeByRestriction":false,"removeByWalking":true,"restriction":0,"stepsToRemove":100,"messageType":1}
]